1567,1485,0
496,1173,1
1341,461,1
1274,5274,0
394,4459,0
1968,2088,1
1335,1689,1
5626,1583,0
911,1584,1
722,5676,0
7060,3447,0
900,889,1
7329,3360,1
2811,2670,1
479,784,0
6757,3365,1
1290,3448,0
1113,7632,1
1544,1288,0
1374,5785,0
4877,4486,0
502,4381,0
283,921,1
2382,5658,0
1120,5359,1
823,2182,1
823,3369,1
996,8766,0
1445,5099,1
636,2554,0
752,216,0
6395,1128,0
655,1234,1
1402,3363,1
814,3255,0
929,2802,1
255,9103,0
418,4430,0
1451,3480,1
1504,3848,0
4242,3460,1
2863,3330,1
7195,5681,0
596,4518,1
870,3352,0
334,375,0
392,1358,0
1120,1806,1
2714,1502,1
969,1743,1
1334,680,0
1264,4429,0
4926,161,0
7070,3416,0
1321,680,0
474,1543,0
1335,1007,1
2733,4407,1
714,249,0
1180,3488,0
846,2394,1
638,326,1
714,1173,0
1144,4432,1
931,952,1
1097,1827,1
1021,5113,0
1424,210,0
6403,1568,0
2620,3332,0
822,5581,0
1379,4532,1
2133,5321,0
1452,4485,0
359,3323,1
359,3315,1
7074,1372,0
743,161,0
910,7641,1
1498,1054,1
1393,381,0
1594,213,1
2261,2670,0
1380,2429,0
1346,153,1
1297,1252,1
359,3276,1
907,5526,0
1456,393,1
426,1496,0
441,4744,0
7023,5658,0
1180,5533,0
1396,3352,1
1341,4430,1
1048,7474,1
1473,5493,1
1101,5247,1
7006,1120,0
1280,8766,1
1469,3463,0
7454,1693,0
1587,1976,0
4759,16,1
660,9151,1
1473,3835,1
2921,1955,0
1404,1793,0
958,3396,1
392,175,0
940,1964,1
709,3362,1
931,428,1
613,1171,0
6870,7612,0
692,1040,1
3118,785,0
550,5147,1
3494,4369,0
765,2483,0
1027,1097,0
1445,845,1
596,2159,1
418,4429,1
270,4744,1
2743,1949,1
2937,3113,1
1485,1079,0
2872,2243,0
1262,353,0
5680,5726,0
638,120,1
707,7638,1
511,3409,0
1506,2495,0
1605,5211,1
1485,7485,0
1225,314,0
1482,5213,1
1432,5182,0
1161,4297,0
8355,405,0
1097,5598,0
2883,2094,1
1294,858,0
103,1308,1
1420,4334,0
1047,939,0
1007,4507,0
862,8470,1
1350,4570,0
1421,7638,0
2570,3318,1
1320,3460,0
679,277,1
1203,504,1
1120,7612,1
1516,2219,1
170,479,0
1075,2657,1
1586,7615,0
1449,3336,1
1321,880,1
1201,5172,0
1180,3401,0
931,2098,1
2095,516,0
1539,1949,0
396,184,1
394,2530,0
393,7608,1
4080,5189,0
4241,2230,1
502,1891,0
418,3366,1
1101,5295,1
1522,2768,1
846,1131,1
472,5544,0
5691,7624,1
7329,2716,1
646,747,0
622,2512,0
532,5785,1
4241,1659,1
1296,4872,1
1131,3576,0
1075,2657,1
2787,5166,1
1006,2770,0
84,5172,1
1866,1111,0
2133,1646,0
615,2644,0
499,1825,0
7056,5353,0
7348,3298,1
446,7613,1
292,4257,0
846,3306,1
1432,350,1
554,2655,1
2872,5240,0
3376,446,0
418,153,1
732,2167,0
508,990,0
1113,83,1
723,3608,0
1007,5779,0
1215,5545,0
983,1126,0
794,1364,1
7195,7437,0
1584,8743,0
26,9781,1
1344,5129,0
496,2156,1
1279,1032,1
581,4540,1
479,5679,1
1379,4532,1
1068,1037,0
1120,7612,1
496,3258,1
334,2303,0
1445,162,1
272,23,0
1432,5789,1
21,5664,1
551,3121,0
1407,1771,0
605,1670,1
693,49,0
444,459,1
864,8431,1
862,3389,1
393,2073,1
715,4524,1
1296,3890,1
1420,1964,0
393,5742,1
1397,263,0
472,5102,0
292,1638,1
838,2183,0
1137,1043,0
2580,2791,0
958,3396,1
4080,986,0
881,5742,0
550,846,1
763,1381,0
1171,2947,1
910,5482,0
7067,3412,0
4926,4297,1
6757,3359,1
723,2235,0
2805,3992,0
2570,3299,1
414,1363,1
496,1545,1
1252,300,0
6606,1693,0
1522,973,1
1134,4381,0
393,421,1
756,1831,0
2580,1171,0
1404,2655,1
1327,2120,1
1048,851,1
1577,3328,0
652,5516,0
1487,7607,0
3284,5178,0
679,4163,1
1042,5140,1
1280,8766,1
1582,5740,0
3284,3067,0
1761,682,0
6757,1037,1
762,1614,1
1208,3195,1
4080,7485,0
1554,1261,0
622,236,0
2805,1938,1
931,1227,1
754,52,1
433,3268,1
953,1427,1
1554,2644,0
1711,3618,0
828,126,0
754,1826,0
359,9788,1
1451,3383,1
4242,3308,1
334,1032,1
2133,2451,0
597,922,1
396,5147,1
1125,3424,1
701,4356,0
2261,3276,0
909,1017,0
472,3526,0
3419,3361,1
1522,973,1
916,2303,0
1660,8281,1
636,4053,0
2382,1463,0
654,1261,1
873,5290,0
597,3260,1
226,423,0
1442,5183,1
2573,481,0
913,5586,0
1543,3748,0
5697,1054,1
4803,2549,0
1501,161,1
836,5289,1
539,520,1
4242,5535,1
1568,683,1
953,5199,1
74,2198,1
3939,1432,1
763,3991,0
906,113,0
1418,1095,1
1381,113,1
1181,1650,0
534,764,1
1504,250,0
1558,2179,0
1397,3484,0
885,5094,0
228,3695,1
584,2720,1
961,3316,1
3442,4257,0
538,217,0
3284,3126,0
660,9151,1
1057,3601,1
4103,2749,1
1400,4298,1
444,218,0
1202,3422,0
7056,500,0
1296,4872,1
1074,764,1
1488,4474,1
365,2619,1
7195,1106,0
775,3348,0
1296,2130,1
6757,3332,1
366,1847,0
1582,8478,0
6395,3255,0
1554,5527,0
1492,903,1
2810,1847,0
1023,1272,1
2689,168,1
596,556,1
1275,350,0
432,5123,0
2570,3356,1
446,337,1
660,2103,0
1035,4350,1
754,2167,0
6124,1334,0
3144,880,1
649,5683,1
3118,5276,0
496,1891,1
1396,3450,1
1113,1285,1
1973,2555,0
885,2802,1
844,263,1
7060,1646,0
2261,9777,0
4503,2128,0
8354,2493,0
84,5241,1
715,942,1
368,3386,1
1102,5150,0
126,1993,0
1473,3437,1
705,2088,1
4314,5379,1
961,5553,1
931,17,1
691,462,1
1189,2495,0
743,1550,0
1394,4336,1
541,500,0
4759,883,1
2704,1919,0
1268,1319,1
1099,4368,0
844,263,1
958,3399,1
1181,5656,0
1400,1564,1
958,3383,1
1440,1363,1
688,631,1
1127,2457,0
649,5681,1
1642,1581,1
1264,2535,0
1334,4534,0
4071,1614,1
4010,3748,0
4242,5535,1
2689,392,1
1330,889,1
2921,829,0
504,5499,1
1586,984,1
3079,5137,1
2570,2691,1
2937,2227,1
968,633,0
448,3393,0
1973,810,1
283,1591,0
766,1245,0
2883,5167,1
359,1372,1
394,1064,0
573,2322,1
1501,161,1
691,5664,0
995,2089,0
1358,2956,0
715,858,1
891,2233,1
1192,1267,0
1085,4356,0
123,71,1
679,3306,1
1536,2691,0
862,3300,1
573,1581,0
246,9449,0
1214,3340,1
507,1403,1
951,503,1
1017,444,1
965,63,0
1113,3845,1
613,453,1
170,195,0
255,1440,0
693,860,0
1352,2103,1
679,3353,1
2570,3301,1
1473,3434,1
3777,1693,0
4759,930,1
862,9780,1
907,7638,0
539,520,1
4812,3801,0
1501,1783,1
1541,38,1
416,3279,0
638,120,1
692,1934,0
901,5281,1
4681,4506,1
873,3874,0
3376,785,1
983,2493,0
1341,1035,1
359,3312,1
1358,3446,0
3939,2363,0
446,511,1
638,4171,1
169,1252,1
26,643,1
5626,3399,0
84,1779,1
535,1769,1
1659,848,1
227,239,0
1539,809,0
4275,1252,1
1226,405,0
931,5824,1
1225,4368,0
563,1607,0
1605,1945,1
1095,3424,1
6757,3412,1
3220,2404,1
26,9776,1
1101,156,1
2836,1831,0
1268,1709,1
723,811,0
885,880,1
6996,8477,0
446,2226,1
6757,3366,1
126,3607,0
1380,5295,0
393,421,1
499,4410,0
2399,1351,1
893,4507,0
649,5683,1
1425,1550,0
368,3386,1
2921,5656,0
735,812,0
1761,2691,0
722,370,0
694,5821,1
496,3258,1
609,828,1
862,2455,1
931,678,1
3466,5167,0
7172,1171,0
2095,680,0
1120,1806,1
1379,5789,1
893,1568,1
1246,3930,0
1134,810,0
1295,1364,0
1077,1704,1
6757,3450,1
3118,7485,0
591,2533,0
636,3390,0
3466,423,0
412,8455,0
1341,83,1
1279,1032,1
845,214,0
6996,2678,0
2219,906,0
4010,479,0
4803,5755,0
646,1945,0
839,1992,1
2219,585,0
1061,3327,1
428,1564,0
796,2090,1
560,218,0
2580,9782,0
1533,1487,1
1068,990,0
581,1329,1
1968,3398,0
861,428,1
1403,1349,0
1393,1364,1
2442,4481,1
862,3394,1
1171,4052,1
1144,3336,1
270,2125,0
1380,1509,0
6458,1571,0
451,467,0
1379,5789,1
958,3386,1
1374,3399,0
472,633,0
1582,4000,0
1582,7,0
707,5131,1
1059,2668,0
654,300,0
862,8471,1
3430,4241,1
2807,5128,0
7636,9784,0
6606,1046,1
1099,9069,0
1144,5138,1
418,7472,1
1271,511,0
411,2168,1
1511,3534,0
4010,8744,0
1572,342,1
961,2363,1
446,3647,1
499,5735,0
1642,3320,1
1216,4171,0
693,7482,0
32,8467,1
796,3439,0
2921,1076,0
1451,3480,1
638,4171,1
693,4410,0
2133,5516,0
1062,489,0
222,4258,1
2133,5533,0
446,9366,1
707,1635,1
8050,4517,0
2740,5172,0
1424,5169,0
1122,3301,0
6757,3460,1
823,1293,1
1452,3458,0
1084,1493,1
418,4429,1
1074,5308,1
900,3264,0
511,3273,0
766,5411,0
1137,5652,1
4234,4507,0
123,249,1
411,2168,1
1238,4705,0
1380,2208,0
688,2900,1
7218,3067,0
4926,1701,0
1327,5481,1
74,1599,1
7060,3318,0
193,1245,1
198,416,1
2836,422,0
74,1599,1
839,1315,1
252,5751,0
1334,504,0
164,1783,0
1263,665,1
21,1062,1
2875,745,0
931,220,1
412,1483,0
416,4298,0
3284,5654,0
426,1228,0
7074,3172,1
1380,5213,1
1312,4378,1
1335,4491,1
540,4744,1
1498,1705,1
2448,1323,1
126,703,0
426,3326,0
158,4334,1
1280,790,1
1228,3331,0
433,1358,1
405,3840,1
1113,577,1
4812,285,1
4314,5379,1
1211,3882,1
1405,3425,0
5697,3414,1
1449,2677,1
1350,1311,0
6996,1323,1
1021,2727,0
654,683,1
1290,164,0
84,5172,1
1113,4230,1
844,2695,1
901,4526,1
1192,1571,0
6389,2130,0
1429,1317,1
940,2128,1
2570,5118,1
334,3416,0
359,1606,1
823,3385,1
6395,683,1
807,3428,0
428,2716,0
836,8208,1
1518,2194,0
1349,828,1
1529,568,1
1393,5566,0
2740,3621,1
1516,5313,0
931,1493,1
1346,2956,1
762,5180,1
961,3346,1
998,4459,0
1536,3413,0
6446,3398,0
227,1646,0
609,2430,0
7067,253,0
1381,4520,0
1518,4241,0
1391,2670,0
611,7662,1
393,7615,1
1358,1683,0
2863,5165,1
1099,3488,0
1114,897,1
1084,8455,1
749,5676,0
777,1997,0
2615,3346,0
707,4485,1
857,7662,1
1397,880,1
1642,1922,1
2614,423,1
420,3814,1
1335,8215,1
2811,2670,1
1120,3328,1
1421,906,0
1452,3374,0
292,5598,1
965,4382,1
1327,2120,1
502,2404,0
1344,3358,0
1392,1659,1
6429,5498,0
1973,5229,0
158,1485,1
870,156,1
394,4356,0
1283,634,0
1529,4459,1
4351,634,1
7218,5476,1
7636,5127,0
1400,4290,0
638,4171,1
1741,7636,0
1347,1154,0
3284,4438,0
7070,3812,0
2573,2436,0
1094,8475,1
1999,3568,0
1403,199,0
7348,4438,1
862,8470,1
4010,431,0
862,9775,1
1334,1556,0
654,5182,1
496,1891,1
1403,2678,0
1586,900,0
1341,83,1
1128,4382,1
1591,4491,0
621,1461,0
273,4429,0
1130,880,1
1102,3831,0
4875,3269,0
8050,91,0
496,1731,1
4926,3609,0
5691,2692,1
1407,634,0
1214,5521,1
534,1576,1
132,2549,0
862,3308,1
2580,1838,1
862,8471,1
649,5681,1
7206,3351,0
1189,825,1
1605,5211,1
7329,2716,1
198,704,1
1540,3865,1
1312,8210,1
2872,1997,0
4242,3457,1
32,790,0
26,9776,1
830,880,1
780,262,1
444,1313,0
1295,905,1
1335,4010,1
870,3256,0
864,1520,1
861,951,1
609,3353,0
426,3382,0
952,3247,0
6389,3358,0
6757,2438,1
693,121,0
4875,1852,0
1479,5140,1
359,2089,1
904,4248,0
834,1351,1
222,9781,0
1208,1176,1
103,2733,1
2704,475,1
851,680,0
26,3394,1
596,1171,1
1587,1904,0
663,4493,0
983,3373,0
530,2077,1
1135,4945,1
227,3366,0
1393,2436,0
1403,1929,0
561,678,0
5387,585,1
1344,5663,0
1358,5571,0
432,9789,0
913,2493,0
2863,5094,1
496,3750,1
511,7615,0
1117,5546,0
479,2393,0
1999,423,0
679,1051,1
1062,1194,1
679,3835,1
1127,511,0
6834,8,1
272,1752,1
496,1821,1
7172,1571,0
1280,790,1
6757,3285,1
868,590,1
61,1929,0
292,5598,1
3466,1560,0
532,808,1
891,2233,1
6429,2644,0
393,3279,1
1449,4421,1
1541,1706,1
394,5350,0
633,504,1
8355,1852,0
3231,5755,0
162,789,0
777,246,1
411,1557,0
446,5406,1
785,392,1
707,2077,1
496,235,1
1483,2456,1
1226,4523,0
523,657,0
1452,340,0
7218,5151,1
814,573,1
2448,1106,0
1344,5546,0
228,4894,1
448,3455,0
674,7480,1
1085,1614,1
1779,568,1
1461,669,0
393,3279,1
1180,1607,0
2620,942,0
707,5481,1
797,394,1
1558,1802,0
646,3484,0
1591,405,0
1546,91,0
1186,1224,1
1377,1811,0
1082,586,0
555,4379,1
1078,399,0
679,1919,1
443,101,1
575,5281,1
755,1293,1
1968,1502,1
1122,1402,0
1019,683,1
2570,3549,1
6996,1752,0
1396,3352,1
1059,5457,0
1586,984,1
1084,4798,0
701,239,0
1181,4381,0
123,2668,1
1430,9449,1
1407,2455,0
797,1729,1
445,3742,1
6401,444,0
7070,1832,0
530,5674,1
7172,15,0
2743,8467,1
502,3403,0
1048,7474,1
1421,3461,0
7067,4534,0
414,1363,1
2824,7618,0
1554,300,0
1332,4506,0
560,2939,0
1236,3261,0
1202,2152,0
2787,1873,1
1473,2678,1
561,2181,1
1099,2161,0
1131,2947,0
226,4258,0
1268,1441,1
535,1698,0
1061,1045,1
1075,239,0
1418,1525,1
1380,1642,0
7070,8473,0
1536,1176,1
2448,683,1
1023,5533,1
1117,2942,1
761,2124,1
613,8457,1
7636,168,1
2704,3750,0
2787,5642,1
1576,127,1
958,3368,1
1007,2772,0
3939,1222,0
1349,828,1
754,3318,0
6846,2717,0
951,503,1
844,1022,1
1363,4470,1
4875,596,0
1238,1770,1
652,1531,0
1271,2107,0
1062,3823,0
1421,5735,0
558,1586,1
4010,2731,1
763,2956,0
1522,437,1
444,1319,0
2921,5118,0
4875,7972,0
1202,4475,0
2614,423,1
991,5150,1
126,3371,0
1068,5176,0
1363,174,1
640,3815,0
612,3601,1
3939,2005,0
862,9783,1
1094,8478,1
907,78,0
1407,3534,0
2614,3743,1
1539,5379,1
961,2363,1
4759,1557,1
2095,3358,0
870,1351,1
6757,2644,1
679,3339,1
7070,1470,0
1711,573,1
1363,4470,1
5697,1550,1
4759,16,1
1425,1402,1
7006,883,1
509,3382,0
770,5304,0
534,7636,1
4812,1021,0
846,3476,1
807,2168,0
4759,1557,1
1391,1022,0
2874,3360,0
2863,2089,1
13,1934,1
538,873,1
1074,3327,1
6996,1814,0
1177,5664,0
1236,1489,0
496,576,1
1968,7479,1
3497,5676,1
7329,5677,1
1516,2219,1
2733,851,1
857,1313,0
6446,1904,0
3284,52,1
931,4491,1
246,8476,0
1078,4511,0
1554,2307,0
1358,2441,0
654,1856,0
496,2151,1
1135,5668,1
7636,2327,0
692,1031,1
649,2678,0
721,2120,0
851,2430,0
663,1463,0
1575,1665,1
707,5130,1
443,880,1
752,1994,1
393,23,1
4759,2791,1
797,578,1
1199,5213,1
807,2103,0
6429,5382,0
7463,101,0
446,2149,1
5537,1757,0
823,2089,1
1352,897,0
807,533,1
359,2180,1
794,1467,0
613,2217,0
1741,1288,0
1134,5521,0
1128,5189,1
1473,1868,1
6757,2447,1
1866,5381,0
1686,3534,0
901,9367,1
1297,620,1
907,340,0
228,4894,1
996,63,0
931,1689,1
170,1793,0
4314,5379,1
7060,9777,0
1122,1994,1
794,9103,1
457,5222,0
826,5384,1
1296,7617,0
479,5679,1
862,3389,1
2872,5676,0
838,1571,1
1021,4426,0
551,3836,0
797,3261,1
834,5541,0
1575,2078,1
563,4523,0
1429,5540,0
1113,4007,1
807,1590,0
4926,5785,0
106,8743,1
4242,3458,1
469,4284,0
4103,823,1
502,5419,0
864,3681,1
678,7638,0
7060,5357,0
469,880,1
107,5094,0
6401,162,0
1113,8215,1
1229,3407,0
897,972,1
7172,880,1
1120,676,1
4918,5820,1
1211,5249,1
1262,2780,1
900,3362,0
1529,4459,1
6996,1811,0
1334,2230,0
906,5308,0
1420,3482,0
1363,5324,1
2614,423,1
961,987,1
609,1108,1
1344,5103,0
679,3434,1
535,3933,0
1488,2107,0
412,3809,1
600,4350,1
359,3439,1
870,1405,0
901,4189,1
1449,467,1
1224,504,1
1294,1607,0
4681,4248,0
474,3623,1
1234,2116,0
170,5158,0
2865,3462,0
873,3280,0
1120,3354,1
1449,7475,1
2615,3452,0
458,2717,0
5691,3375,1
609,5091,0
5691,1267,1
951,1581,0
694,169,0
433,5121,1
530,1648,1
891,3396,0
830,4534,0
2875,880,1
1021,687,0
1141,3294,1
777,4524,0
1246,1582,0
873,3413,0
2805,533,0
863,162,0
1126,1796,0
895,3461,0
911,3456,0
6446,5755,0
1504,1844,0
6846,475,1
1347,3440,0
180,7886,1
1515,5241,1
1362,1802,0
7171,204,1
5691,1267,1
1046,572,1
6834,1478,1
4759,3744,1
1197,1443,0
968,4018,0
1208,785,0
732,174,1
1290,1734,0
777,9997,1
393,421,1
862,286,1
1335,1701,1
913,1556,0
2219,2119,1
1741,340,0
1505,1313,0
1131,293,0
1381,3865,0
2800,3483,0
1521,5676,0
504,1271,0
830,1675,0
1128,910,0
1539,2441,0
1215,5274,0
722,4426,0
8354,5779,0
4926,364,0
1275,1609,1
762,62,1
1246,145,1
1274,431,1
1420,3840,0
1296,2303,1
794,901,1
1343,1582,0
1211,2322,1
4877,2162,0
499,633,0
452,3299,1
916,1614,1
26,4284,1
3118,2457,0
7463,4000,1
444,459,1
940,1127,1
1077,930,0
5691,3410,1
2615,5779,0
1144,5503,1
1464,1786,1
862,381,1
1252,3264,1
1216,1873,0
952,459,1
5387,3379,1
2871,392,1
1341,4006,1
1420,3481,0
404,4518,1
446,2226,1
1310,73,1
1402,2255,0
1321,1826,0
846,1233,1
1591,5213,1
862,8470,1
931,220,1
797,1017,1
1487,1194,0
1214,5521,1
3430,5140,1
273,15,0
250,4258,0
2780,5355,1
1451,1263,1
964,3121,1
1575,558,1
418,3429,1
906,475,1
694,5821,1
755,2451,1
2573,851,1
1402,3814,0
2875,8465,0
1497,5103,0
863,5094,0
862,8470,1
4275,385,1
638,3954,1
2865,1272,0
1105,5127,0
961,5553,1
1178,7657,0
565,3302,0
862,3382,1
964,1885,0
1131,5379,1
916,446,1
445,7613,1
755,5523,1
1327,1493,1
1221,3600,1
845,2116,0
123,3874,0
1286,1614,1
273,2235,0
1114,5677,1
633,1820,1
846,3338,1
1221,1614,1
1504,1709,0
26,8473,1
1424,5120,0
1057,4475,0
40,3618,0
913,1767,0
1283,3407,0
534,1293,1
907,930,0
1007,3302,0
1582,7479,0
1511,3247,0
2871,9068,0
1171,253,0
4835,5276,1
418,4506,1
1327,9687,1
3939,1432,1
471,4475,0
5691,3375,1
2382,1360,0
359,3484,1
1003,5189,0
897,972,1
2570,3404,1
1099,331,0
3466,1934,0
7056,5002,0
1440,9784,0
1424,1698,1
527,2727,0
359,4388,1
756,1334,0
1023,3539,1
4080,218,0
1591,5669,0
3419,322,1
1327,1128,0
270,4744,1
428,3473,0
4813,4540,0
504,1891,0
246,1802,1
3494,1568,0
393,2165,1
1527,7641,1
1296,3942,0
1541,1689,1
1084,8455,1
1430,5315,1
951,8208,1
5680,1777,0
1021,3400,0
3516,5247,0
1642,3424,1
1735,1752,0
4503,2791,0
880,5609,1
998,3801,0
860,1628,1
359,5138,1
412,3318,0
3284,5785,0
729,1351,1
1335,1285,1
622,5249,0
751,3461,0
2133,1585,0
797,1076,1
1539,1417,0
3497,2162,0
4503,4052,0
862,3300,1
873,3407,0
539,520,1
755,3330,0
770,736,1
1533,4526,0
1558,9068,0
1290,9779,0
1278,5213,1
4803,1120,1
1278,2772,0
761,239,0
307,1334,0
1521,5679,1
904,3388,0
397,5275,0
987,2199,0
404,338,0
2921,3332,0
996,5130,0
4813,825,1
2871,214,0
2492,1691,0
940,986,1
595,7626,1
527,7620,0
751,9068,0
451,1757,1
636,1827,1
1498,3432,1
814,1646,0
1558,2069,0
1014,1207,0
707,1608,1
991,1800,1
1421,4018,0
4875,971,0
6080,350,0
3118,1770,1
707,3609,1
1120,7612,1
900,889,1
961,5545,1
539,520,1
1005,764,0
1280,790,1
1480,1880,0
1264,1945,1
1078,858,0
1264,293,0
1166,63,0
633,518,1
7456,193,0
2875,3312,0
909,4351,1
1347,5824,0
598,1351,1
1568,2116,0
707,1483,1
901,187,1
958,3396,1
1295,5542,0
414,1350,1
1577,4418,1
4926,4297,1
1046,5213,0
107,5283,0
89,3568,1
6870,3609,0
7454,4511,0
496,2162,1
496,2095,1
707,5824,1
428,5699,0
1021,5422,0
1014,4297,1
7485,1734,0
416,270,0
707,252,1
1197,1893,0
7070,894,0
1586,984,1
777,357,1
1999,15,1
2442,5182,0
496,5349,1
1525,3454,0
598,8210,0
1543,3856,0
1244,2156,0
1572,342,1
1347,5542,0
560,1216,1
1517,1956,1
7074,193,1
222,4258,1
952,1893,0
1482,7618,0
756,2103,0
1341,79,1
1374,5224,0
539,1512,1
1062,1779,0
7070,9789,0
530,5597,1
222,4258,1
967,2644,0
1529,2120,0
6100,7617,1
891,432,0
1541,57,1
3284,7612,0
1575,558,1
1347,9103,0
1335,5635,1
723,1062,0
6870,645,0
5680,673,0
74,1590,1
2112,49,0
694,423,0
496,1729,1
4833,3301,0
906,4472,0
761,5349,0
530,5674,1
21,3337,1
5537,825,1
1396,3353,1
636,1827,1
1505,5163,0
106,8743,1
752,1417,0
655,314,1
502,1938,1
1344,1358,0
2798,3830,0
1582,5680,0
1262,532,1
861,5399,1
763,683,1
1280,473,1
1178,7638,0
1582,942,0
600,1497,1
5691,5163,1
1245,396,1
1246,1252,1
6757,5667,1
2733,5246,1
904,3874,0
1043,1954,1
797,1017,1
563,1066,0
1228,1350,0
837,736,1
4759,2791,1
823,7444,1
640,3324,0
1341,4705,1
1327,5481,1
7023,5411,0
3777,5439,1
2937,3113,1
638,4488,1
794,1589,1
4759,883,1
1202,5679,0
4080,5199,0
2570,3301,1
1283,2624,0
1229,57,0
434,3804,1
1335,164,1
1334,5246,0
838,10030,1
2937,2221,0
3516,5350,0
2780,2740,0
1711,568,1
6606,3377,1
446,1399,1
1461,5315,0
895,62,1
1396,3831,1
1498,3314,1
4103,5666,1
7195,1804,1
584,4256,1
596,7611,1
839,525,1
1518,1257,0
2382,669,0
1456,220,1
1280,473,1
1021,3403,0
1558,5287,0
170,1483,0
2937,3650,1
7839,4442,0
1271,3412,0
621,331,0
496,5402,1
5691,2791,0
906,4525,0
2580,897,0
1068,5482,0
1424,2533,1
693,8465,0
1238,3309,0
2704,3440,0
550,1290,1
1362,88,0
1180,3285,0
496,2095,1
780,1691,0
931,464,1
1479,2077,0
228,1543,1
891,1107,0
7218,5151,1
162,3421,0
405,809,1
89,2221,0
1429,241,0
741,1806,0
4137,5422,0
397,3178,1
1779,2555,1
458,1997,0
1144,3434,1
4103,1209,1
1541,1583,1
1296,3890,1
2865,446,0
1527,4052,0
393,1591,1
1101,3417,1
426,3305,0
40,5143,0
613,8457,1
499,4197,0
5537,1929,0
1283,3395,0
8050,2779,0
2883,5244,1
596,1171,1
74,3356,0
1973,3890,0
1544,4431,0
2865,5286,0
964,3121,1
1350,8281,0
239,380,0
1215,5521,0
2112,5199,0
1456,4068,1
701,669,0
469,880,1
869,4290,0
1451,252,0
3118,2327,0
652,1319,1
31,7,1
1126,2000,0
1482,1978,0
1166,8472,0
1377,5381,0
5697,3835,1
761,7607,0
1216,3390,0
4877,4520,0
905,1405,0
1576,3534,0
7329,853,0
1296,2194,1
1045,5347,1
3042,88,0
732,3269,0
2133,1076,0
5671,3933,1
756,5656,0
1483,3304,1
1576,1386,1
1452,760,0
4010,1599,0
4241,465,1
359,1922,1
393,1729,1
862,5126,1
158,1381,1
722,4511,0
1498,5164,1
270,2771,0
814,7485,0
2109,1929,0
1085,1614,1
1231,5476,1
613,1919,0
1363,300,0
663,1784,0
857,7662,1
1357,2236,0
4803,5130,0
965,9786,0
1320,873,0
1122,1568,0
1228,3325,0
1583,4485,0
754,5134,0
1381,1613,1
446,556,1
595,3267,1
496,1173,1
3284,3312,0
581,5750,1
5537,3247,0
169,411,1
6100,7617,1
5387,3379,1
1248,2324,1
826,5553,0
1424,2160,0
3466,3278,0
969,2772,1
1290,61,0
881,314,0
4010,2689,0
1575,5755,1
4813,825,1
6996,309,0
255,5609,1
170,338,0
1456,393,1
1420,939,0
1492,897,1
5680,2945,0
4813,578,0
862,9782,1
443,101,1
26,5656,1
1452,4290,0
749,5642,0
273,4297,1
3079,5137,1
864,8431,1
1122,2678,0
707,4481,1
1099,1856,0
2706,3067,0
4314,1844,0
1120,2150,1
1114,880,1
162,5137,0
541,1511,1
1347,860,1
6757,3365,1
756,3171,0
7195,512,0
1127,2236,1
931,932,1
1283,4426,0
7456,5779,0
430,1940,1
1335,255,1
869,5354,0
1575,1975,1
7172,673,0
7023,3330,0
3466,24,0
1192,5232,1
968,4075,0
448,825,1
964,459,1
1295,669,0
2733,7460,1
761,9367,0
6429,886,1
846,7437,1
1197,2183,0
830,4457,0
418,709,1
550,813,1
1396,1416,1
1171,2947,1
538,3473,0
394,300,0
1583,1585,0
937,8208,1
1045,1586,1
1341,1922,1
1007,78,0
1061,3325,1
170,1496,0
797,4486,1
775,1125,0
1498,3469,1
4877,900,1
2261,5165,0
910,121,0
1344,1128,1
958,3399,1
542,2005,1
2382,7482,0
756,3285,0
2448,56,0
1492,3198,1
1584,5521,0
6757,3454,1
1017,665,1
31,4333,1
1402,3454,0
2133,1554,0
7195,3121,0
533,2689,0
1049,210,1
1411,49,0
4234,2163,0
6124,3351,0
1134,1285,0
6757,3285,1
1558,7474,0
1449,7475,1
1059,2020,1
1214,5521,1
1394,1831,0
983,3750,0
4926,633,0
1396,3352,1
2811,703,0
2735,4410,0
752,4872,0
691,314,0
412,375,0
693,5422,0
701,3467,0
1539,3480,0
2807,5740,0
1085,1614,1
2261,3172,0
6446,7661,0
636,1272,0
995,5740,0
1572,3372,0
2883,586,1
496,5654,1
1315,21,0
862,3389,1
893,1475,1
1226,5547,0
7195,1804,1
1522,399,1
103,1955,1
1023,3539,1
252,3728,0
1007,3463,0
1558,43,0
3466,4514,0
869,613,0
496,23,1
5691,3347,1
653,3476,0
6834,3374,0
393,713,1
1374,760,0
2704,1043,0
1143,3113,0
573,1462,1
255,2182,0
4833,1066,1
3419,2179,1
664,1584,1
1330,889,1
1113,4230,1
944,5553,0
527,533,1
3777,399,0
1518,2095,0
1003,5566,1
891,4405,0
7218,3266,1
428,5103,0
359,3276,1
359,3321,1
458,1520,0
511,1994,1
1077,2648,0
1341,155,1
1021,5497,0
446,7613,1
782,825,1
1536,2125,0
1189,9068,0
943,5308,1
1126,2512,0
1449,3886,1
8050,3308,0
946,1993,1
936,2416,0
961,5738,1
2112,7,0
1818,1094,1
2095,1288,0
1248,7612,0
2570,3318,1
846,5493,1
1201,2226,0
1320,1115,0
1192,250,0
897,789,0
532,5785,1
1482,9687,0
6834,2087,0
1094,8477,1
1501,1814,1
21,5663,1
6429,886,1
961,2363,1
164,1646,1
615,1125,1
2875,3438,0
1522,973,1
405,809,1
1501,4329,1
961,5516,1
906,1590,0
861,4171,0
7348,4329,0
2570,3357,1
636,1827,1
618,2275,1
946,1993,1
936,533,1
2580,703,0
814,120,0
958,3388,1
1060,5542,0
780,3413,0
1189,1796,0
433,3624,1
1335,3845,1
1529,4459,1
1591,5542,0
6124,71,0
1480,5354,0
885,3267,0
153,1129,1
2865,848,1
931,241,1
873,3416,0
1177,2634,1
551,277,0
1642,5738,1
1077,3400,0
1522,1587,1
32,8467,1
512,1429,0
951,1351,1
1244,2010,0
1244,980,0
1539,1129,0
126,61,0
1479,187,1
6458,1168,0
2975,3337,0
7171,489,1
987,5379,1
732,3328,0
1120,3407,1
2883,858,0
7067,5222,0
901,645,1
1046,1869,1
1362,5755,0
272,1752,1
1196,1716,1
658,262,1
3284,2020,0
1358,5103,0
597,1102,1
1567,9785,0
1268,1820,0
961,5546,1
451,5535,0
527,1549,0
3497,5523,0
596,5183,1
1131,1599,0
1171,4052,1
701,459,1
869,2327,0
307,4257,0
250,6576,1
930,5751,1
1374,5740,0
1085,741,0
452,2363,0
1541,564,1
1999,3368,0
561,2181,1
1043,2307,0
6996,683,1
7171,204,1
5537,5295,0
1144,4163,1
359,5176,1
1321,1358,0
5537,663,0
1421,2162,0
1483,2429,1
597,2225,1
1118,7608,0
1335,5572,1
13,1934,1
721,3171,0
969,3345,0
6757,3461,1
1394,2751,1
723,825,1
1196,236,0
1642,3323,1
1400,794,1
1418,760,0
1236,2428,0
1181,4307,0
499,863,0
754,52,1
1582,3172,0
1506,845,0
511,1564,0
638,1811,1
1296,3890,1
228,1645,1
2382,5656,0
4681,713,0
3497,3804,0
1236,4570,0
834,4442,0
560,1062,0
4681,7615,0
1536,8455,0
1312,4378,1
2921,1614,1
445,7639,1
1134,2644,0
998,5350,0
911,3930,1
1082,5566,0
961,3346,1
7055,4258,0
1741,973,0
1544,3352,0
596,2159,1
909,3267,0
411,2168,1
860,9687,1
3494,3491,0
499,811,0
2570,3783,1
446,1399,1
6100,1482,1
1574,5139,1
1432,375,1
1060,3458,0
473,7662,1
655,173,1
7329,3856,1
823,3381,1
393,2322,1
722,678,0
222,1774,1
2805,1125,0
6757,3455,1
6757,3425,1
2109,5670,1
679,3574,1
1334,5546,0
752,634,0
2874,825,1
1498,3437,1
2921,2768,0
965,3379,0
6757,3365,1
1449,5444,1
6871,1402,1
1642,7444,1
1535,2802,1
1228,908,0
563,5507,0
584,8209,1
2883,5167,1
707,1869,1
1021,444,0
6870,1978,0
414,1364,1
1161,5526,0
193,4426,1
1567,2772,0
792,2116,0
931,577,1
368,7634,1
8354,218,0
862,9783,1
3516,1930,1
8355,4307,0
1113,596,1
26,284,1
6401,1599,0
937,1378,0
1283,5166,0
658,5224,1
1186,1938,1
828,2619,1
940,986,1
1498,3432,1
496,1173,1
900,2495,0
1473,711,1
1374,4291,0
563,2237,0
1221,1614,1
5697,7446,1
1451,3473,1
2219,2119,1
900,889,1
507,790,0
4234,2090,1
959,1919,0
1550,4190,0
1119,2800,0
929,467,0
1392,1584,1
819,1350,1
660,3406,0
561,2181,1
368,3470,1
1551,1717,0
1201,5319,0
1587,2090,1
2219,2119,1
796,5751,0
1374,3406,0
3144,3280,0
839,1315,1
814,5676,0
1461,1054,0
1159,790,0
532,808,1
1456,2161,0
996,101,1
273,3067,0
4234,2090,1
1866,808,0
479,4258,0
1268,236,0
2871,392,1
1541,179,1
4234,1315,0
819,3261,0
1117,665,1
959,3255,0
1021,1207,0
1357,2085,0
622,5540,0
227,3371,0
1403,5321,0
1262,7618,0
1011,3416,0
1334,2226,0
416,5304,0
1327,1493,1
1226,1078,0
7839,1417,0
1143,572,0
6834,1531,0
1575,1693,1
1686,3273,1
26,5541,1
1525,475,1
550,2716,0
393,1978,1
541,5139,0
5691,7624,1
906,1429,0
1238,3856,0
952,217,0
869,5213,1
707,596,1
446,4393,1
4835,3255,1
691,4525,0
359,3276,1
1429,1317,1
754,9780,0
405,3840,1
4813,5422,0
1075,1550,0
4503,3416,0
6395,2112,0
1455,5563,1
2580,7941,0
6871,1993,0
613,680,1
538,1885,0
2261,1832,0
1487,168,1
652,1021,0
605,4381,1
164,1831,0
5387,3379,1
722,3398,0
1278,2533,1
6757,3468,1
588,139,0
8355,1463,0
1374,3428,0
496,235,1
1226,3267,0
1268,127,1
756,3404,0
765,845,0
1097,4431,0
158,3368,0
5387,2456,1
6458,4458,0
533,21,0
674,3127,0
1411,1402,1
392,7485,0
2525,350,0
1818,5635,0
1449,2677,1
1430,5315,1
862,9778,1
7485,5140,1
1101,2180,1
906,7608,0
2733,7460,1
6401,1462,0
6395,683,1
595,3267,1
707,2087,1
1541,596,1
1011,3399,0
815,571,1
752,7661,0
428,4061,0
1135,5665,1
752,1994,1
4010,1786,0
854,703,0
1424,5168,0
2865,2199,0
4832,236,0
227,3574,0
3939,4435,0
169,1873,0
1283,5541,0
930,3848,1
1228,1608,0
239,1997,0
2704,3391,0
814,4429,0
2112,1516,0
1321,4356,0
663,186,0
1101,5247,1
1400,1564,1
707,5130,1
560,184,1
2863,3302,1
1517,1079,1
660,9151,1
814,7607,0
862,3402,1
2865,1772,0
7329,8460,1
6080,811,0
1501,1814,1
1290,5295,0
4832,2120,0
862,8470,1
1327,2127,1
1485,5820,1
7060,5523,0
427,592,1
1483,2429,1
1180,3728,0
272,1752,1
1568,1399,0
1411,990,0
679,5129,1
1420,2456,0
1127,9068,0
1497,5381,0
4010,3463,0
496,2800,1
807,2120,0
227,4008,0
652,3358,0
729,1376,1
4681,5382,0
2109,3475,1
107,2770,0
1405,825,1
539,520,1
2921,673,0
845,4514,1
701,3483,0
441,5134,0
1202,270,0
663,3608,0
3494,3329,0
1429,1554,0
1120,3342,1
4351,4507,1
952,3340,0
1134,784,0
7839,5354,1
900,9784,0
123,71,1
897,1542,1
679,3573,1
1060,880,1
1396,5357,1
501,263,0
707,5131,1
3777,1429,0
1144,918,1
2206,3406,0
2432,5542,0
1536,500,0
1017,444,1
6100,1482,1
1112,167,1
26,5541,1
404,708,1
1363,608,0
907,2452,0
2580,532,0
4234,3273,0
496,5402,1
823,3387,1
1335,3823,1
6401,1487,0
2261,253,0
1540,1097,1
3231,9784,0
679,5665,1
3335,2164,1
169,411,1
1591,5213,1
538,3390,0
126,1934,0
596,2720,1
1343,314,0
2570,5118,1
1582,790,0
418,153,1
1095,3609,0
359,3322,1
7348,2483,0
885,3456,0
1424,5382,0
1501,1795,1
7070,71,0
6100,851,1
227,278,0
1128,52,0
1404,1613,1
416,5758,1
1511,7942,1
1473,3470,1
550,846,1
4314,5586,0
1027,683,1
3419,5381,1
1449,3886,1
1119,745,1
1483,239,1
904,475,1
998,880,1
1120,1079,1
735,1556,0
2570,4435,1
2570,270,1
2740,2228,1
869,2695,0
904,1767,0
1522,2768,1
6429,4532,0
707,3608,1
1059,1795,1
6395,1044,0
4681,4506,1
1220,5152,1
1516,900,0
469,3456,0
2863,3304,1
1355,1257,1
1518,4474,1
1019,1096,0
1341,5422,1
1402,7472,0
1659,3568,0
707,5651,1
1330,861,1
777,5382,1
1469,1011,0
967,533,1
679,3942,1
1505,2459,1
393,1591,1
255,4460,1
863,3695,0
1252,3342,0
596,2093,1
1741,1317,1
170,1606,0
6395,973,0
1003,5566,1
3079,3333,1
2780,3814,1
3335,5002,1
227,3429,0
5250,5002,1
1483,2429,1
998,2229,0
441,459,1
746,392,1
1432,350,1
1122,4368,0
4351,1683,1
655,1234,1
588,1821,1
496,1443,1
597,922,1
7056,3269,0
4103,4291,0
1297,145,1
846,3434,1
1262,532,1
1099,1740,0
1587,2181,0
1180,7638,0
823,1209,1
761,1257,1
1077,1869,0
5680,2447,0
1310,5304,1
1202,704,0
929,1094,0
1568,1323,1
2865,4945,0
7006,314,0
834,1376,1
2805,5752,0
1583,808,0
1180,475,1
2580,4744,0
1541,186,1
1074,764,1
1166,3930,0
538,873,1
504,7480,0
964,758,0
2706,2455,0
444,338,0
7060,3334,0
1060,2493,0
1429,71,0
837,3374,0
1099,2535,0
846,3353,1
1349,2512,0
3335,2164,1
868,1503,1
1021,8,0
359,3835,1
1330,5671,1
4010,8478,0
5691,3374,1
1023,5131,0
936,5304,0
581,5750,1
1095,2183,0
8355,1568,0
1141,7661,1
164,4190,0
132,5181,0
2432,4342,1
763,634,0
433,8744,1
1122,1966,0
6389,2778,0
7329,5357,1
1177,5751,0
433,3576,1
490,411,1
561,4010,0
3118,2692,0
2570,3356,1
1234,156,1
794,901,1
707,4006,1
1309,880,1
7454,1308,0
622,8744,0
893,2452,0
1866,3309,0
1238,421,0
873,3127,0
228,1516,1
74,1599,1
2805,5683,0
2570,3355,1
1192,3992,0
1159,1891,0
334,665,0
2733,147,1
1377,2731,0
1234,156,1
153,1402,1
551,2802,1
4833,1066,1
6458,3990,0
1558,1228,1
3442,380,0
6757,3408,1
969,255,1
967,533,1
6395,2452,0
428,5542,0
1280,8766,1
2219,1992,0
473,5134,0
5691,3410,1
1536,83,0
1112,2624,1
4351,2327,1
1396,3352,1
1590,49,1
969,2778,1
496,546,1
965,1793,0
542,901,1
2570,2089,1
845,3267,0
457,250,0
1567,3830,0
1642,2416,1
6757,5229,1
6395,4426,0
4681,1311,0
756,2939,0
591,4380,1
1344,6576,0
1047,3848,1
660,2768,0
228,1543,1
823,3383,1
1085,1614,1
222,1413,1
4080,903,0
6757,5498,1
255,4460,1
7329,1805,1
6757,3447,1
2850,5349,0
458,7638,0
815,7942,1
1335,4010,1
1094,8475,1
692,5586,0
428,4291,0
752,3412,0
542,1556,1
170,186,0
1377,1357,0
1464,394,1
1189,825,1
1295,471,0
652,3750,0
1403,7612,0
1418,1115,0
646,2674,1
1097,3804,0
1479,3623,1
732,5399,0
3494,2155,0
1574,3121,0
1558,4068,0
1518,4474,1
1274,3877,0
953,3114,1
4813,825,1
1196,4258,0
7023,4407,0
1244,8431,0
542,2005,1
1779,2555,1
445,582,1
472,9785,0
1343,3357,0
2525,7485,1
655,4307,1
2219,2119,1
906,7,0
457,1402,1
851,1518,1
2872,5598,0
1262,5581,1
496,673,1
2573,516,0
6757,3408,1
707,2741,1
2865,2720,0
1541,564,1
393,2322,1
1280,687,1
929,5527,0
393,262,1
6996,2217,1
393,7608,1
1264,1497,0
1126,906,1
862,9781,1
1358,1207,0
649,5421,0
5387,2457,1
907,5535,0
969,2772,1
1455,3399,0
707,1635,1
1533,3268,0
916,5751,0
638,4171,1
1576,459,1
1357,4511,1
581,4540,1
1085,1614,1
162,4570,0
1473,2394,1
1244,4000,1
1220,4257,1
158,1485,1
815,571,1
1199,3312,0
1310,1642,0
511,3877,0
393,3277,1
479,370,0
967,880,1
4759,3744,1
1102,1868,1
1283,167,0
1075,2657,1
663,4459,0
1244,139,0
6757,3463,1
246,1802,1
845,1956,0
3516,4470,0
1577,52,1
4812,812,0
1779,2555,1
26,9782,1
1546,1614,1
6757,3446,1
250,5231,1
995,175,1
1396,3645,1
226,3483,0
1761,7612,0
598,1482,1
828,2619,1
2112,1614,1
2918,2217,0
2261,2233,0
633,1820,1
1511,2772,0
6757,3446,1
901,8210,1
1127,3991,0
785,1608,0
1067,428,1
228,247,1
1049,210,1
732,174,1
714,50,1
4759,16,1
1487,1040,0
496,5350,1
397,3178,1
2261,5680,0
1114,2109,1
830,16,0
1541,1416,1
943,1904,1
823,3526,1
496,3258,1
2872,3819,0
660,9151,1
6870,2069,0
1262,1394,1
1407,5158,0
1084,9383,1
534,7636,1
595,5351,1
2863,3545,1
496,1545,1
445,582,1
2580,5127,0
1215,459,1
823,3304,1
7206,790,0
1252,1496,0
445,3262,1
6757,3460,1
479,1170,0
2614,5753,0
164,873,0
3777,185,0
270,4744,1
394,2107,1
1335,564,1
683,1252,1
823,3388,1
426,3480,0
1105,3409,0
1220,5359,1
1567,1467,0
904,1096,0
1264,2956,0
26,8474,1
5680,5382,0
1488,431,0
1228,951,0
1127,39,1
900,1784,0
2874,7655,1
394,2689,0
26,8473,1
1497,1252,1
1349,4520,0
1082,1993,0
943,1904,1
6100,3723,1
1567,984,0
1102,3328,0
1741,342,0
940,986,1
911,411,1
885,3298,0
4503,1693,0
8354,5523,0
1186,5276,0
164,4532,0
688,2900,1
1120,2150,1
499,2533,0
961,1576,1
496,5349,1
1576,3126,1
1541,1838,1
7171,204,1
6834,1334,0
6403,1949,0
655,4894,0
1347,3819,0
1747,1502,1
1214,3340,1
4833,471,1
365,3172,0
496,1407,1
1335,4010,1
1027,7474,0
1236,3462,0
4080,1441,0
448,825,1
701,846,0
1335,464,1
1228,3390,0
931,3954,1
991,381,0
2824,3650,0
496,3748,1
754,1097,0
1397,3830,0
1143,1667,0
359,270,1
334,2436,0
1118,3325,0
1335,1803,1
1199,5313,0
1236,126,1
663,4418,1
936,3457,0
1455,5295,0
1363,4470,1
539,1657,1
1480,5497,0
1352,2183,1
1521,121,0
707,7638,1
762,62,1
1321,2459,0
969,1742,1
2921,3327,0
4314,4335,0
2570,4435,1
393,8465,1
7060,3645,0
5537,3748,0
905,1334,0
393,1978,1
1226,1783,0
7055,663,0
1587,5385,0
4759,250,1
1224,5104,1
1567,4522,0
1482,1873,0
1215,1730,0
496,1891,1
2875,880,1
1159,5290,0
1310,5304,1
1161,101,1
4275,392,1
1451,5666,1
905,213,0
1003,631,0
1584,3454,0
638,2759,1
534,919,1
694,2163,0
5680,5516,0
622,2128,0
857,5498,0
222,4258,1
1541,57,1
2800,1734,1
420,2119,0
983,3875,0
638,5113,1
1023,2691,0
595,3647,1
1272,3545,0
1335,971,1
1244,217,1
1283,1078,0
785,906,0
8355,3428,0
5626,1752,0
897,1542,1
765,2677,0
5673,3384,1
754,1308,0
851,1518,1
504,5274,0
8354,829,0
1541,3778,1
1309,1470,0
654,5182,1
679,3363,1
1488,4474,1
1498,1115,1
1525,2000,0
906,4333,0
1572,2150,0
1127,39,1
1094,1467,1
1535,5348,0
638,2225,1
4759,4472,1
1341,79,1
479,1233,0
457,8992,0
2432,631,0
862,980,1
3376,5740,0
1587,4334,0
1568,1323,1
1131,1729,0
7070,375,1
393,251,1
474,187,1
558,3733,1
707,3607,1
7348,4438,1
1166,4290,0
859,465,1
1442,1767,0
723,1581,0
1335,952,1
6403,5523,0
1583,3358,0
502,4430,0
8354,3302,0
1131,7632,0
1582,2255,0
31,903,0
392,3429,0
1485,3403,0
2824,2523,0
652,364,0
2704,1904,0
4234,1251,0
946,1993,1
655,1416,0
1220,4540,1
862,3309,1
1122,5656,0
1043,1954,1
754,2429,0
1166,953,0
1335,1330,1
7055,4475,1
621,3482,0
533,43,0
869,5213,1
756,4507,0
1061,3327,1
679,5129,1
228,613,1
891,2237,0
693,2229,0
714,50,1
2714,2088,1
1779,5286,0
6429,1263,0
496,121,1
1590,3067,0
969,503,1
897,2741,0
418,3427,1
444,1349,0
1451,5663,1
7172,4486,0
1350,3149,0
735,3404,0
448,3812,0
1197,61,0
581,2075,1
533,2523,0
554,1796,1
906,475,1
612,2648,1
169,8472,0
6124,216,0
930,5751,1
198,1115,0
246,1782,0
1432,1667,1
1220,5794,1
1451,3486,1
4833,1066,1
3430,24,0
1068,2668,0
1686,272,1
1504,7886,0
193,5129,0
573,1975,1
749,5566,0
862,2455,1
565,2802,1
6757,3285,1
3419,2179,1
683,1833,1
1395,518,1
6080,4291,0
252,7485,0
904,4431,0
393,7608,1
5537,1665,0
416,1211,1
472,1919,0
1321,4486,0
180,7886,1
870,4369,0
905,5404,0
1350,1472,0
1445,5099,1
1077,5635,0
1102,5350,0
8354,1410,0
752,5441,0
967,5308,0
901,1405,1
2875,880,1
2872,322,0
862,3395,1
533,3126,1
1473,3992,1
504,3391,0
1516,1323,1
2615,3264,0
1779,2555,1
581,4488,1
1473,5667,1
1171,2947,1
1120,5281,1
2399,516,1
864,1313,1
1279,2077,0
3284,5742,0
496,3750,1
2871,423,0
4681,5753,0
394,8744,0
1104,7662,1
1275,1599,0
931,419,1
905,2168,0
7056,1427,0
2714,1098,1
2689,986,0
1238,5138,0
893,5419,0
365,3276,0
270,293,0
1099,1216,1
1421,4894,0
1027,5295,0
2133,9780,0
1396,5586,1
1539,235,0
1130,1704,0
1379,1784,1
1429,1399,0
434,3406,0
4503,2947,0
1686,1207,0
591,2075,1
359,3321,1
392,5178,0
7839,5354,1
862,9780,1
4877,3401,0
1019,7,0
959,886,0
158,1381,1
7206,483,1
5387,2447,1
1215,2716,0
3494,2090,1
1482,1611,0
844,2164,1
1501,1814,1
596,2149,1
6871,7972,0
2807,236,0
655,1868,0
2573,860,1
693,3337,0
1120,2239,1
1135,7635,1
1127,39,1
846,3370,1
1332,1611,1
723,8743,0
193,4426,1
4813,238,0
1544,2438,0
2798,986,0
4314,2429,0
1404,2655,1
846,3369,1
987,1017,0
4080,5158,0
250,5231,1
1101,3418,1
940,2128,1
4812,1315,0
1215,3302,0
732,1022,0
563,3681,0
32,3446,0
953,3114,1
1297,1670,1
458,7444,0
1583,825,1
499,4459,0
1101,744,1
2689,1638,0
1334,5497,0
1283,479,0
780,823,0
527,5681,0
895,5175,1
6429,91,0
1430,5290,1
1400,338,0
2733,4407,1
1379,4532,1
538,5402,0
646,2229,0
158,1381,1
512,1323,1
597,4350,1
1518,3874,0
123,3463,0
913,3348,0
2805,5820,1
987,663,0
74,236,1
995,175,1
8355,5779,0
1226,2127,0
1501,1713,1
596,1171,1
448,1825,0
420,3886,0
530,1976,0
2863,5165,1
4241,1628,1
4503,49,0
765,1120,0
3497,1568,0
7023,3411,0
6401,2438,0
1094,1467,1
8354,21,0
7348,1120,0
1120,3343,1
1113,8215,1
674,3748,0
1118,4798,0
2620,4382,1
6757,2644,1
6870,3840,0
1189,272,0
1424,5137,0
1335,4010,1
1320,340,0
1424,5311,0
1262,5674,0
944,3733,1
1068,5419,0
826,3248,0
735,811,0
766,4075,0
228,1516,1
2492,2619,1
1334,2166,0
2570,3356,1
1587,2090,1
679,5135,1
273,918,0
5626,5120,0
846,2394,1
6996,1323,1
4875,39,0
1085,1125,0
1574,2802,1
1113,1285,1
7195,7633,0
1394,2802,1
1761,1752,0
1550,2737,1
1283,2737,1
1451,5222,1
6870,1826,0
1191,4209,1
2875,2130,0
84,2237,1
40,5127,0
7171,5800,0
1605,2512,1
3231,5556,0
4918,858,0
6757,3408,1
1335,4006,1
905,1713,0
1541,1064,1
1482,3276,0
7172,3301,0
2921,1614,1
880,2255,1
1343,1156,0
472,7637,0
539,150,1
5691,2692,1
1735,5347,1
615,2128,1
907,5521,0
754,52,1
5691,3410,1
4835,3266,1
252,7631,1
1135,3386,1
1211,5404,1
1225,3362,1
1280,5176,0
4817,2493,0
2798,4010,0
7055,3801,0
359,3416,1
1049,1614,1
1211,2239,1
359,1280,1
967,533,1
2807,1740,0
1483,3549,1
6100,4171,0
961,3346,1
901,4526,1
523,3990,1
2570,5504,1
2975,5680,0
4759,1844,1
1516,2219,1
393,2164,1
7067,7972,1
1097,3433,0
1229,747,0
1429,199,0
430,471,0
180,1156,1
722,8475,0
1061,3326,1
550,2125,1
1278,1698,1
170,745,0
496,3754,1
1023,1272,1
1449,3801,1
1498,1705,1
3144,5553,0
694,1716,1
2975,2275,0
7195,1358,0
1117,9786,0
1473,3475,1
445,3262,1
7839,5354,1
1577,2512,0
907,5553,0
2525,3745,0
1292,571,1
6100,2525,0
715,1288,1
4275,392,1
1059,1795,1
931,29,1
906,673,0
749,3783,0
654,3294,1
1403,1784,0
2921,4459,0
1268,1441,1
756,1228,0
1085,1614,1
1134,4532,0
1077,5535,0
1404,178,1
693,1349,0
1084,8455,1
807,5546,0
106,4248,1
621,3279,0
943,1904,1
132,900,0
1181,1812,0
6446,5091,0
2615,78,0
397,682,1
1515,2150,0
272,91,1
1035,1665,1
5671,3933,1
4234,811,0
952,1222,0
1350,1614,1
859,590,1
1048,861,1
792,7611,0
1761,411,1
472,338,0
6757,3467,1
931,461,1
1469,2100,0
864,1315,0
7070,4945,0
1166,59,0
7329,3459,1
1118,5169,1
1114,4408,1
5691,1087,1
996,5137,0
1445,162,1
1199,7613,0
995,2020,0
2865,3545,0
1445,845,1
1011,4522,1
622,2156,0
1011,4522,1
2872,167,0
4812,3565,1
8354,933,1
844,263,1
452,167,0
1866,3484,0
6124,863,0
1515,3379,0
1539,3750,0
1126,7886,0
6100,4410,0
2261,3371,0
701,24,0
1102,4334,0
636,1827,1
6401,3568,0
815,7942,1
1021,3483,0
958,3368,1
2937,3621,1
707,3845,1
1006,8215,0
368,1209,1
1199,5516,0
418,4429,1
7463,2096,1
1295,238,0
2095,3801,0
359,3484,1
1349,1964,0
1506,1317,0
752,1994,1
1166,3271,0
1274,1011,1
987,1717,0
655,663,0
457,3420,0
864,3886,0
1061,1933,1
393,713,1
1343,2183,0
1605,1945,1
622,2096,0
1379,4532,1
1506,3438,0
969,709,1
1178,2535,0
1379,1125,1
796,1847,1
1429,7657,0
729,1129,0
2871,392,1
652,1319,1
1126,1976,0
1350,3812,0
1999,4356,1
1525,3276,0
560,1782,0
6124,1378,0
5673,7639,0
428,2626,0
2442,2689,0
1335,4335,1
636,608,0
752,3452,0
2823,4250,1
1075,1614,1
1498,3746,1
1347,1934,0
1504,532,0
1504,2179,0
469,1516,0
1761,9069,0
1452,1825,0
5387,3465,1
1341,577,1
1551,350,0
1973,810,1
1229,2161,0
2615,5319,0
411,4291,0
2206,186,0
830,5165,0
588,3257,1
103,1317,1
7070,430,0
2836,1376,1
448,990,0
508,7620,0
654,5182,1
678,1228,1
967,3358,0
457,1402,1
1498,5672,1
901,645,1
7206,5290,0
930,5751,1
1498,3746,1
1211,4541,1
7206,483,1
446,3256,1
931,2098,1
424,2155,0
1128,747,1
1224,589,1
1501,4329,1
598,1472,1
905,3415,0
707,7607,1
961,2779,1
1393,3473,0
307,3930,1
1135,4945,1
1551,2107,0
222,4258,1
961,5527,1
1451,3351,1
618,3395,0
1379,3933,0
1449,1044,1
844,263,1
1461,3399,0
7023,3409,0
3466,7617,0
6100,7617,1
596,3260,1
7023,3545,0
944,5121,0
691,1417,1
448,825,1
707,1285,1
792,1417,0
4242,3458,1
900,889,1
1192,3577,0
1497,2634,1
649,5681,1
909,1585,0
1541,5824,1
862,3384,1
931,3819,1
7055,2120,0
794,894,1
2615,4520,0
679,5136,1
931,5824,1
595,4447,1
563,1966,0
7839,3326,0
1866,1767,0
1120,3407,1
404,708,1
1488,1606,0
1283,5353,0
1226,2668,0
6757,3408,1
252,7631,1
21,3375,0
1686,272,1
226,7657,0
1197,4490,0
1479,187,1
1335,1803,1
943,633,1
8354,5597,0
2780,2900,0
4812,2416,0
418,4431,1
1483,239,1
272,91,1
1320,5091,0
6124,930,0
1295,1550,0
1309,4388,0
433,8744,1
1181,3831,0
1202,9355,1
3042,3389,0
4759,250,1
901,1405,1
4351,813,1
4351,4018,1
846,3437,1
755,568,1
1473,3992,1
851,1518,1
255,1706,0
1334,880,1
1252,713,0
752,8215,0
533,5349,0
40,5222,0
869,1576,0
418,3427,1
4275,1252,1
1173,2097,1
1498,7446,1
538,3440,0
5697,1550,1
756,2120,0
2875,2727,0
31,1976,0
1504,3819,0
6606,239,1
707,3305,1
1334,1120,0
2872,1856,0
1505,213,1
1189,4493,0
1161,5385,0
823,3385,1
710,2740,1
815,446,0
1544,5224,0
596,2161,1
393,481,1
5537,3453,0
987,5382,0
649,3877,0
1428,4426,0
1272,2404,0
1411,4472,0
2525,7485,1
2714,465,1
794,9103,1
1131,790,0
5691,3375,1
392,1825,0
752,4335,0
7172,5609,0
638,3621,1
1296,2303,1
998,645,0
707,153,1
499,3279,0
1397,880,1
1089,2634,0
591,5122,1
3079,5136,1
451,1784,0
701,919,0
6124,1831,0
8050,4894,0
1048,3488,1
1101,3439,1
538,906,0
1161,9776,0
751,3744,0
3376,7886,0
472,1675,0
239,5283,0
509,1095,1
496,2151,1
2432,1802,0
707,1483,1
797,1827,1
707,5651,1
501,7941,0
180,7886,1
272,91,1
952,4432,0
765,5457,0
132,3171,0
1351,2737,1
573,2239,1
597,3191,1
1421,2770,0
678,4248,0
1660,2163,0
1866,9785,0
7454,2164,0
930,4524,1
334,4429,0
834,1376,1
1221,167,0
1522,1977,1
2874,2231,0
496,2152,1
1321,423,0
21,9789,1
227,338,0
2525,2152,0
1007,277,0
1043,9775,0
393,481,1
1144,5138,1
1327,9687,1
496,2156,1
959,823,0
6458,167,0
84,2618,1
252,5355,0
392,5350,0
4011,2731,1
722,3573,0
162,2778,0
393,713,1
444,5165,0
2442,9780,0
6757,3445,1
474,2228,1
6606,284,1
3494,156,0
785,239,0
6834,9783,0
405,811,1
710,7631,1
1113,1585,1
457,2229,0
1660,5290,0
1220,393,1
951,5343,1
1112,167,1
496,1511,1
1642,3835,1
496,25,1
359,1606,1
1504,673,0
508,853,0
246,1804,1
3376,785,1
1101,744,1
496,2151,1
496,3750,1
6100,7617,1
7060,2551,0
307,1657,1
819,1349,1
1312,4447,1
1006,3294,1
392,5127,0
893,5654,0
3442,340,1
780,1769,1
193,1245,1
252,5518,0
2261,1614,1
1234,1351,1
6757,2438,1
397,2000,1
1358,1420,1
1396,3856,1
359,4438,1
7055,5553,0
246,3815,0
5626,2493,0
1173,3294,1
711,9367,0
2570,5543,1
1344,5779,0
1362,1994,0
555,1497,1
2620,533,1
6865,465,1
1515,5662,0
1866,631,0
226,1432,1
1504,9151,1
3335,5002,1
1779,1006,0
392,9068,0
530,5674,1
1539,932,0
640,3823,0
1511,4229,0
1290,1997,0
1211,3622,1
4681,906,0
2875,1964,0
7023,338,0
1274,431,1
2871,736,1
1529,942,0
7329,5357,1
900,5286,0
581,4540,1
2921,1614,1
615,1125,1
815,4860,0
2875,1855,0
1374,199,0
3497,2447,0
863,4429,0
2787,5166,1
1075,2530,1
1351,1403,1
427,3608,0
444,1509,0
560,5134,0
1211,3116,1
1144,5800,1
1126,4018,0
1452,886,0
1215,1417,0
7074,3172,1
107,7611,0
2133,1228,0
900,889,1
170,2555,0
707,5131,1
1085,1614,1
7055,2307,0
4242,7482,1
797,1880,1
180,2119,1
688,2942,0
901,4189,1
636,2523,0
1252,5349,0
638,5113,1
4877,3426,0
533,3247,0
426,2002,0
532,1582,0
701,1873,0
1347,532,0
420,4052,0
554,2208,1
2492,8470,0
692,1040,1
1377,1564,0
180,3743,0
621,3942,0
6606,2733,1
8355,3830,0
496,5654,1
1511,5533,0
1501,161,1
749,5104,0
496,9366,1
252,7631,1
1271,1129,0
6124,4493,1
7060,9383,1
2570,3301,1
2570,3301,1
560,446,0
797,1168,1
710,2740,1
3335,2727,0
649,1025,1
1395,1893,1
1488,5324,0
7055,3276,0
446,1659,1
1141,7661,1
2921,1949,0
6757,5129,1
560,3804,0
1332,5276,0
1226,7479,0
1642,3321,1
1099,1410,0
873,3371,0
6757,3454,1
1211,5404,1
2382,1102,0
6757,3446,1
1113,1108,1
2875,880,1
2133,1716,0
707,1503,1
3079,7657,0
4010,1701,0
862,9777,1
622,1767,0
707,2077,1
741,1245,0
1347,2551,0
1220,4541,1
905,3360,0
596,1171,1
859,1156,1
1113,168,1
1529,2619,1
1350,1064,0
1335,4335,1
895,62,1
900,1443,0
1094,431,0
1003,459,1
527,5169,1
931,9687,1
900,8477,0
5691,7624,1
5387,3357,1
1335,461,1
862,8473,1
907,2119,0
7023,264,0
392,825,1
1229,1949,0
636,1880,0
811,4408,1
1027,4744,0
2580,1838,1
472,2100,0
3442,1531,1
1134,972,0
1421,5384,0
1591,1349,0
901,2239,1
658,1770,1
1208,2235,1
3220,1363,1
21,5752,0
8050,238,0
660,1949,0
1473,3434,1
7206,473,0
775,4428,0
1201,216,0
2219,1156,1
84,1628,1
1418,1693,0
3419,3467,0
1003,459,1
1057,2100,0
4877,4402,0
1543,1040,0
368,5444,1
1396,3352,1
246,1802,1
7195,3279,0
4833,3991,1
1552,5656,1
766,1409,0
2706,785,0
499,2430,0
1286,8476,0
541,7612,0
533,3126,1
563,1323,1
365,7942,1
538,10030,0
2261,5123,0
1085,5680,0
6757,3448,1
26,88,1
964,43,0
906,3801,0
1178,2090,1
1518,5137,0
1516,4860,1
392,4290,0
807,5512,0
40,1406,1
1515,1234,1
1818,1094,1
811,2235,1
575,4380,1
428,2156,0
826,3495,0
6100,1482,1
622,3990,0
1048,5181,0
437,7637,0
1525,1994,0
2863,3330,1
811,1043,0
563,811,0
1440,1040,0
1421,3819,0
641,7662,1
1577,1730,0
1245,1429,0
4234,2090,1
1057,459,1
457,2226,0
550,479,1
1334,2554,0
1345,7942,1
4681,263,0
2615,3359,0
2095,8478,0
4832,9366,0
1421,1933,0
7456,5535,0
1244,217,1
797,784,1
6100,3723,1
471,3258,0
1575,5755,1
2580,3426,0
1425,2119,0
1521,3328,0
732,2802,1
652,4006,0
550,1475,1
1451,3383,1
755,568,1
6834,784,0
4877,1675,0
1166,676,0
901,4526,1
252,3576,0
2570,2691,1
1122,1554,0
965,4382,1
444,459,1
7067,7620,0
107,811,0
683,392,1
565,253,0
2133,1795,0
1485,3429,0
646,8478,0
573,1975,1
2787,2692,0
1605,4523,1
968,4220,0
1014,986,0
550,1475,1
1074,764,1
2871,7634,0
1485,5544,0
910,5563,1
652,8472,0
26,9783,1
1124,1771,1
885,2802,1
846,5662,1
1118,5169,1
2133,2152,0
426,2000,0
1180,1997,0
2109,5493,1
1283,1609,0
1290,3568,0
430,590,1
910,7641,1
4314,3285,0
3231,5283,0
1262,1394,1
1095,94,0
2206,3466,0
1180,2670,0
7329,1805,1
2871,736,1
735,2166,0
732,1076,0
1120,3342,1
1271,2457,0
1346,8475,0
1999,15,1
965,367,0
1062,1856,1
539,520,1
4010,3255,0
2787,5642,1
1498,5138,1
1062,3334,0
2918,860,1
430,1098,1
2570,5504,1
452,3299,1
426,3361,0
1449,2495,1
1583,825,1
1113,4007,1
1011,880,1
2787,1873,1
405,2183,0
2875,4507,0
551,5651,0
2863,3302,1
5680,8281,0
1393,1360,0
1181,3276,0
893,3348,0
1135,7657,1
1135,7633,1
1504,5286,0
4241,4008,1
523,2167,0
2706,94,0
1525,3576,0
565,113,0
13,1734,0
448,3875,0
1452,1209,1
270,4744,1
4812,218,0
987,1575,0
512,1919,0
444,5441,0
2580,21,0
691,1417,1
2787,5642,1
2133,4438,0
1539,489,0
1112,459,1
1181,3285,0
823,3323,1
7463,4000,1
1506,5091,0
1089,2217,0
961,3421,1
863,4249,1
995,910,1
162,758,0
995,175,1
1099,2386,0
1445,845,1
7329,4438,1
530,1648,1
2807,1078,0
2863,586,1
1082,2720,0
1341,1922,1
496,199,1
496,1173,1
1554,1955,0
1180,7615,0
2615,2010,0
334,3067,0
584,2720,1
916,446,1
3376,4006,0
1208,3366,0
533,3126,1
1380,5123,0
1529,4290,1
252,7631,1
1191,263,0
828,4249,0
1522,1462,1
1124,481,1
1543,7637,0
857,2942,0
1067,1021,0
6757,5441,1
751,3368,0
4835,5276,1
3419,322,1
2836,2307,0
89,3568,1
1642,1034,1
2620,23,0
6757,3458,1
1211,1811,1
2811,9068,1
1101,5229,1
1529,889,1
2442,4442,0
428,5247,0
1344,3256,0
694,473,0
292,459,1
1498,285,1
5387,586,1
837,4381,1
103,1317,1
446,9366,1
4242,3460,1
2095,4872,0
1343,3354,0
897,1542,1
1067,789,0
1122,1994,1
3494,3400,0
368,1042,1
1309,3359,0
420,5355,1
1473,7620,1
6458,3368,0
6757,3457,1
1541,1111,1
3777,199,0
936,5740,0
4351,634,1
766,214,0
1290,1933,0
2800,5779,0
1131,5422,0
830,5319,0
250,139,0
596,2159,1
2615,1363,0
359,4430,1
472,5486,0
2865,1642,0
633,1893,1
4877,3413,0
1605,2077,0
227,8478,0
1761,2447,0
1518,5123,0
873,1496,1
1407,2090,1
1113,156,1
473,520,0
7023,1693,0
1062,1856,1
1057,459,1
1117,1358,0
1294,1440,1
1341,1125,1
307,2535,1
432,9786,1
1272,1165,1
7329,3373,1
1456,63,1
2865,3390,0
270,643,0
1094,8475,1
946,3355,0
1296,2194,1
1117,613,0
996,2005,0
1143,5134,0
1381,211,1
846,3469,1
3144,4472,0
652,620,0
1134,1040,0
392,825,1
1541,1728,1
597,4518,1
5387,3355,1
1587,747,0
7070,3412,0
1177,2618,0
1192,5381,0
1572,338,1
1021,3804,0
1432,1730,0
1779,500,0
1101,3417,1
1541,1064,1
968,825,1
598,5308,1
596,5158,1
6401,61,0
1320,1847,0
1295,2670,0
1224,1006,1
5537,1064,0
844,4474,1
1407,2090,1
1420,3301,0
911,630,1
7074,918,0
434,5099,0
1533,7941,0
1060,5518,0
193,3334,0
679,5133,1
26,9778,1
1045,736,1
961,5553,1
1506,1407,0
595,1288,0
1113,4006,1
1449,2495,1
1144,5164,1
7463,8992,0
5697,1115,1
862,9780,1
844,3815,1
638,2759,1
1402,1929,0
7074,613,0
1456,63,1
1135,7633,1
4080,994,0
501,1323,1
1516,683,1
4080,2179,0
1122,57,0
180,7886,1
1208,900,0
1741,3754,0
1178,741,1
1220,2221,1
692,1028,1
359,4512,1
1335,164,1
1525,1568,0
1344,1873,0
103,2733,1
1141,3754,0
5626,2780,0
4832,5475,0
1197,7482,0
7023,2523,0
1127,2771,0
1377,9785,0
6429,2555,0
1533,1856,0
794,2525,1
3118,3116,0
1488,8766,0
4681,4475,0
4926,4248,0
1575,1665,1
3442,1272,0
2863,3331,1
1201,5508,0
502,4522,0
862,8470,1
636,2495,0
541,503,0
1135,3387,1
472,4481,0
845,3421,0
649,5681,1
508,4075,1
958,3397,1
823,3323,1
1440,3391,0
334,5419,0
8050,5353,0
393,219,1
1522,973,1
1420,2956,0
965,2751,0
907,1873,0
2810,1407,0
683,1429,0
836,5343,1
3042,5119,1
1440,1363,1
4926,1650,0
1349,4230,0
5691,3348,1
4877,1855,0
490,1767,1
1686,272,1
900,120,0
1122,185,0
1189,825,1
393,5742,1
1381,1613,1
1084,375,1
958,3396,1
2615,5324,0
6446,1771,0
2863,5094,1
2573,2073,0
4832,162,1
1818,249,1
2740,2322,1
1505,2458,1
452,5677,1
3777,5439,1
1120,3344,1
1062,3746,0
638,4405,1
862,9775,1
1075,942,0
1252,375,1
906,3315,0
227,4216,1
946,1650,1
539,184,1
4812,3744,0
550,2125,1
4137,7655,1
1535,2430,0
169,1800,0
1011,4522,1
961,235,0
1866,3428,0
411,2167,1
1506,631,0
4234,2090,1
996,713,0
2432,3312,1
273,592,0
3284,558,0
622,1311,0
1274,1011,1
1159,2459,0
1144,3437,1
815,9103,0
1186,3269,0
2743,2159,0
885,1783,0
2921,7657,0
1586,984,1
1605,5211,1
1101,3439,1
846,3469,1
8050,56,0
6757,3285,1
7329,3450,1
814,1904,0
1440,5533,0
844,1022,1
170,5123,0
1587,278,0
1189,2094,0
2448,683,1
1586,825,1
1456,1870,1
1567,3425,0
1220,3265,1
4875,3463,0
1335,687,1
1498,3432,1
508,396,1
613,3430,0
1192,3607,0
359,4435,1
1085,446,0
1347,825,0
434,4429,0
596,4256,1
1180,4945,0
1582,3607,0
1238,3454,0
3118,3750,0
5697,3565,1
1866,1782,0
987,2716,0
527,1706,0
998,2208,0
452,1608,0
1594,216,1
1420,3650,0
2863,1713,0
479,2692,0
880,4460,1
2807,340,0
1400,3990,0
815,2512,0
844,5181,1
1082,3121,0
1191,102,1
1078,5738,0
4234,139,0
551,880,1
1112,5229,1
1197,43,0
270,1919,0
1349,5523,0
1321,511,0
359,608,1
4832,162,1
2733,147,1
1262,1394,1
663,3390,0
967,3346,0
502,3422,0
106,3195,1
959,812,1
1420,3256,0
4918,3446,0
1113,596,1
5697,3469,1
596,5275,1
164,7641,0
441,1011,0
694,1716,1
1043,242,1
1529,568,1
823,5544,1
1047,880,1
929,3461,0
4080,2779,0
3466,7657,0
937,511,0
901,645,1
6757,3412,1
1866,88,0
26,3394,1
7023,1334,0
2798,2458,0
6389,4432,0
1278,3358,0
1161,49,0
1344,7613,0
819,2457,0
943,94,1
1429,2800,0
729,4018,0
2865,2208,0
763,683,1
940,1126,1
946,4523,0
1343,3388,0
2875,5683,0
5680,5127,0
1779,2555,1
946,3832,0
6757,3447,1
3777,2942,0
822,7636,0
448,242,0
1082,5481,0
1099,5742,0
1396,284,1
1456,1870,1
6100,861,1
1084,1493,1
7195,5127,0
1397,5143,0
5387,3483,1
4071,1006,0
7006,1683,0
1341,275,1
4759,2791,1
1452,1315,0
394,5163,0
678,3172,0
678,1730,0
4877,3453,0
4234,2090,1
2432,4342,1
1605,2512,1
2614,423,1
26,9781,1
815,1509,0
1013,3347,0
1527,2163,1
1099,1402,0
504,2636,0
1211,2243,1
1294,211,0
1013,39,0
123,3285,0
1529,4459,1
6757,7446,1
7329,2733,1
4926,790,0
4803,663,0
1144,5665,1
1171,4052,1
7023,3483,0
596,1977,1
895,62,1
393,2720,1
931,952,1
5387,2452,1
479,1531,0
444,1665,0
1516,7460,0
794,3301,0
1192,4534,0
270,3750,0
961,5526,1
512,1323,1
6429,886,1
1097,5755,0
414,3754,0
21,2430,1
952,4220,0
1735,1467,0
6401,5143,0
5697,1115,1
2704,3382,0
819,2087,1
2883,5244,1
2805,5820,1
707,1583,1
1099,2530,0
1761,2363,0
6870,1402,1
1061,1111,1
1428,3783,0
3442,262,0
1357,5247,0
749,7485,0
638,2243,1
8354,5740,0
405,5384,1
307,1689,1
334,7886,0
1335,3778,1
851,4872,0
1062,1856,1
1421,220,0
1451,3351,1
1363,1734,1
6996,10030,0
334,1032,1
5626,2303,0
1420,3371,0
6871,2459,0
679,3436,1
1321,1698,0
595,1458,1
2573,2152,0
1236,403,0
814,3534,0
1229,939,1
469,511,0
2883,5167,1
1130,1463,0
782,825,1
1432,1784,1
1199,4457,0
2863,3545,1
1642,4342,1
365,3545,0
74,1599,1
1047,478,1
2810,880,1
873,669,0
598,1472,1
2921,3992,0
1312,4393,1
1349,828,1
1605,3397,0
1144,3436,1
906,1261,0
1189,16,0
2807,17,1
1296,2130,1
1014,7655,1
807,533,1
3466,25,0
830,1609,0
565,2802,1
940,1964,1
797,2124,1
7171,5821,1
414,275,1
7067,7972,1
752,3483,0
4832,880,1
862,3300,1
1511,5182,0
4351,4507,1
1120,3357,1
1525,475,1
830,1511,0
1741,1364,0
1761,553,0
1341,1470,1
40,1406,1
1347,1150,0
26,2094,1
26,8472,1
652,2000,0
1341,155,1
1586,825,1
2614,5107,0
1309,3340,0
6429,9774,0
6871,49,0
1049,3624,0
457,4241,0
496,2095,1
7329,8460,1
7206,483,1
1363,101,1
588,3191,1
6870,3812,0
1234,973,0
392,518,0
393,713,1
1220,1811,1
496,2151,1
1321,1805,0
6606,2733,1
1202,790,0
4010,4405,0
7070,342,0
7329,3831,1
1220,3260,1
1518,1650,0
448,3804,0
2706,1956,0
432,1796,0
1344,1156,0
722,5498,0
1113,4230,1
3430,3279,0
4242,7482,1
1144,3430,1
1007,3348,0
679,4428,1
1143,431,0
437,808,0
507,4533,0
334,5169,0
5691,1267,1
1747,853,0
7485,2228,1
951,503,1
7454,5566,0
1483,309,1
1335,164,1
1363,4470,1
1095,5516,0
5691,5163,1
3466,5274,0
26,9776,1
1203,589,1
7172,880,1
1262,2124,1
710,1463,0
3466,709,0
1124,5563,1
1125,5175,1
393,1021,1
538,873,1
621,4519,0
4759,1844,1
394,5121,0
6757,3332,1
5387,8477,0
8050,3301,0
1511,3607,0
1430,3523,0
1320,9783,0
6395,845,0
1216,71,0
1403,7939,1
638,120,1
1101,8743,1
1320,3327,0
836,5343,1
7171,1043,0
252,7631,1
5691,3375,1
913,3247,0
6446,1042,1
573,5406,1
1411,1568,1
7485,3263,1
5387,3483,1
1541,1706,1
1290,1585,0
1166,7631,0
228,3695,1
838,1571,1
1234,3440,0
862,5321,1
1335,5444,1
405,3840,1
1866,1376,1
554,2655,1
752,5134,0
433,8210,1
1135,7634,1
1587,350,0
1392,2791,0
222,4258,1
107,1783,0
1380,1806,0
2807,5527,0
550,1429,1
1449,3886,1
746,1586,1
693,3329,0
6401,178,0
958,3391,1
844,1022,1
679,3428,1
1144,5518,1
3939,5246,0
8355,7941,1
2824,5752,1
1540,3865,1
930,5751,1
969,1582,1
5250,163,1
227,3447,0
2883,5411,1
1327,253,1
7060,3545,0
530,5651,1
283,1308,0
1420,825,1
613,680,1
794,894,1
164,1646,1
433,3575,1
969,3195,0
499,2512,0
4314,2677,0
1341,107,1
1262,2780,1
3497,2386,0
1196,1228,0
539,385,1
1144,5164,1
1134,4052,0
679,3310,1
451,1102,0
1047,5274,0
40,2900,0
1349,2456,0
952,3607,0
2883,3307,1
1442,5183,1
4817,421,0
1224,589,1
1202,7485,0
1461,2436,0
1660,217,0
7171,5553,0
1575,1693,1
7456,8475,0
752,5556,0
1166,1568,0
862,272,1
1344,1128,1
1558,4209,0
904,8455,0
707,461,1
7067,2495,0
1558,7485,0
2921,5404,0
405,811,1
581,8209,1
158,4439,1
1779,2554,1
1405,4298,1
584,7626,1
1505,1933,1
900,921,0
870,2116,0
1425,3469,0
628,1770,1
959,1313,0
1275,4490,1
107,533,1
613,453,1
679,5176,1
6871,4290,0
2492,1608,0
1214,394,0
1124,1709,0
1351,2737,1
909,1194,0
707,1608,1
2874,825,1
1483,3549,1
4234,7639,0
3144,8992,0
1396,4434,1
26,5541,1
496,1545,1
1587,3475,0
428,353,0
6870,758,0
507,1402,1
1102,1021,0
1518,9355,0
469,94,0
1021,88,0
426,1489,0
465,5103,1
2824,2393,1
250,5735,1
1082,4356,0
554,1796,1
1057,1966,0
1488,2095,0
444,5535,0
1197,2217,0
4503,3279,0
2689,956,1
504,5499,1
158,4334,1
2615,620,0
679,3335,1
255,3284,0
953,7618,1
496,3812,1
7218,2438,0
1430,8455,0
424,2010,0
834,1413,0
1582,168,1
89,3568,1
472,1409,0
5387,2457,1
1473,2394,1
995,4410,1
6389,7613,0
1278,1992,0
823,5666,1
722,709,0
1297,620,1
967,8744,0
2570,2089,1
368,3386,1
74,1599,1
1327,1549,1
227,3825,0
1196,952,0
106,933,1
1642,2416,1
766,613,0
905,1156,0
901,5274,1
710,385,1
3231,199,0
839,4356,0
2735,5140,1
7195,1804,1
998,94,0
931,5119,1
857,3729,0
1343,1487,1
996,1645,0
1263,1051,0
359,4512,1
609,2644,0
1216,2156,0
5691,1271,1
636,1856,0
3494,2939,0
1294,2182,0
2836,1376,1
496,5349,1
844,4514,1
496,2229,1
613,7475,0
1518,9383,0
895,1079,0
1125,1997,1
891,2130,0
881,1599,0
359,3317,1
7070,8431,0
1220,5351,1
393,5178,1
679,5738,1
991,1800,1
550,813,1
1449,1046,1
822,4432,0
1473,2678,1
901,657,1
1527,7641,1
2811,3297,1
616,5189,0
359,3439,1
1085,175,0
8354,908,0
1211,5405,1
958,3391,1
2865,3400,0
1341,1125,1
660,479,0
1226,1978,0
678,3380,0
6846,1443,0
1264,3277,0
1215,1880,0
1452,4518,0
4926,3454,0
1113,3845,1
2850,1613,1
1445,845,1
1067,553,0
640,1358,0
3777,1333,0
6870,2555,0
823,2089,1
334,2069,0
770,1586,1
4877,2670,0
946,1993,1
527,113,0
797,1017,1
1272,1329,0
1432,713,0
1488,3256,0
496,3748,1
1321,2692,0
1225,1256,1
1021,3340,0
1558,2010,0
2811,9068,1
913,4459,0
1335,7632,1
1341,2196,1
931,107,1
7456,3729,1
448,825,1
1407,4431,0
1215,1659,0
472,669,0
2874,1593,0
1006,4472,0
7172,845,0
907,1557,0
1180,353,0
1202,1334,0
1214,5521,1
1349,828,1
5691,3375,1
1042,263,0
1130,933,0
1309,3823,0
1473,5503,1
6757,1037,1
7463,1825,1
4242,3460,1
1060,3345,0
663,5566,0
646,3463,0
1099,2073,0
906,5521,0
814,5441,0
2975,1891,0
1274,863,0
334,1463,0
782,8,0
1511,5497,0
766,3351,0
1539,1107,0
1403,7939,1
3494,7,0
359,3426,1
2442,1413,0
7006,5497,1
3220,1350,1
1248,4507,0
1236,5605,0
844,263,1
227,4439,0
3220,9785,1
1432,1599,0
3497,2120,0
1177,3067,0
1660,813,0
1060,5354,0
1482,1496,0
6871,2125,0
1461,5726,0
1498,5672,1
106,3298,1
2570,3404,1
595,2155,1
1211,3284,1
2399,3600,1
1075,2657,1
2798,9785,0
839,1315,1
860,1502,1
228,4894,1
1567,1545,0
4234,3933,0
4234,3267,0
26,3247,1
1271,5319,0
1575,1975,1
444,459,1
5387,3449,1
7172,490,0
2743,823,0
4503,4430,0
448,8209,0
4875,161,0
638,187,1
901,645,1
1074,3325,1
1397,1443,0
1268,794,1
132,270,0
2787,1873,1
616,9366,0
1357,2636,1
565,883,1
7463,2096,1
7485,4350,1
1127,39,1
732,174,1
1236,126,1
1404,178,1
252,3398,0
7056,564,0
4080,711,0
1180,585,0
162,1550,0
873,1496,1
5680,825,1
1177,5131,0
6870,213,0
448,5313,0
839,1992,1
694,4519,0
1541,1728,1
1244,217,1
3466,8472,0
3497,3330,0
471,7641,0
418,3427,1
961,5516,1
2573,5406,0
7456,2691,0
940,1349,0
765,1194,0
2872,4248,0
959,8476,0
448,219,0
1101,4388,1
1393,4945,0
1220,4257,1
473,1271,0
2787,1154,1
1192,829,0
1320,5137,0
1575,1693,1
1345,4229,1
1818,9997,1
1498,1376,1
2704,3886,0
916,139,0
794,2525,1
4242,7482,1
1007,3379,0
3284,5751,0
1521,5679,1
334,4512,0
226,4230,0
26,9776,1
869,214,0
1999,277,0
7171,204,1
31,4333,1
2261,3572,0
998,1271,0
895,3300,0
1551,5126,0
749,683,1
1344,3482,0
434,4475,0
679,3431,1
430,1046,0
1181,3375,0
873,3301,0
428,3113,0
907,1591,0
752,9774,0
1278,1062,0
2918,3387,0
2580,4458,0
6124,5523,0
830,4163,0
1587,994,0
1075,2657,1
1341,1764,1
1166,3127,0
4681,3399,0
4503,5441,0
1421,1599,0
1511,7942,1
1077,1420,1
4103,3261,0
5626,7475,0
411,2167,1
2805,5758,1
1358,4368,0
368,5321,0
1137,126,0
1049,5163,0
640,3992,0
2109,5493,1
4011,1489,1
539,1512,1
846,3353,1
6757,3456,1
3497,1709,0
1377,2327,0
40,1463,0
596,326,1
1297,1228,1
1341,2741,1
273,4297,1
756,4429,0
943,94,1
995,4410,1
469,3394,0
1583,71,0
612,2221,0
1211,932,1
5387,2457,1
4759,250,1
433,430,1
1335,61,1
153,21,1
893,4512,0
496,5402,1
762,2956,0
4080,1585,0
1498,1115,1
1473,3414,1
4759,930,1
1554,1646,0
1060,4705,0
359,3322,1
2823,446,0
1224,1420,1
1060,1582,0
1511,7942,1
1120,7612,1
1350,5107,0
393,5181,1
4242,3395,1
1544,5213,1
418,4431,1
434,3804,1
1575,2078,1
987,5553,0
1473,7620,1
880,2255,1
2824,2393,1
252,1611,0
1271,3331,0
754,620,0
913,8478,0
496,1407,1
1464,1311,1
1126,3332,0
618,1311,0
1866,7615,0
588,249,1
7839,3406,0
3079,3339,1
636,1037,0
756,3446,0
7023,3400,0
691,1429,0
1211,249,1
1451,3480,1
1120,3406,1
448,825,1
905,263,0
943,1904,1
1130,880,1
1161,3608,0
5626,1769,0
1642,3419,1
714,3328,0
6757,3345,1
1271,263,0
958,5671,1
573,1975,1
605,1670,1
1347,1386,0
880,2100,1
1558,8204,0
679,5486,1
1999,5099,0
1057,7614,0
905,9367,0
1246,145,1
496,546,1
1178,5244,0
794,1357,1
2875,5135,0
2095,1734,0
2704,5654,0
502,2459,0
7004,2088,1
1019,3618,1
394,558,0
1161,5103,0
1430,5290,1
405,5121,0
880,4460,1
1377,3568,0
7206,446,0
961,5090,1
6080,3276,0
836,2771,0
1268,4209,0
1013,2493,1
1469,71,0
2863,3330,1
1341,1285,1
1341,4430,1
2875,251,0
1084,4291,0
1686,8465,0
1511,25,0
1220,5150,1
496,2095,1
995,4410,1
106,8743,1
1485,3523,0
1061,3327,1
393,3278,1
4832,162,1
4234,2090,1
2800,1589,0
496,3258,1
826,2097,0
5537,3728,0
5387,3468,1
2798,217,0
998,880,1
707,5421,1
445,3262,1
2836,1261,0
1294,1440,1
1552,512,1
1504,1497,0
433,5121,1
1473,2678,1
7329,2716,1
496,5349,1
474,5140,1
692,1052,1
880,937,1
397,3178,1
1642,1581,1
1343,7615,0
1264,1891,0
785,1730,0
1558,1793,0
1452,1272,0
1196,1716,1
2442,29,1
1290,4438,0
1582,3427,0
1335,828,1
1973,3404,0
1263,381,0
907,2386,0
900,1648,0
1332,1334,1
1576,8478,0
965,1096,0
752,9367,0
1067,1595,1
1452,5605,0
504,2692,0
6846,393,0
1017,2128,0
897,1542,1
1568,2493,0
1197,5699,0
4010,1856,0
1363,4418,1
1128,747,1
1019,1482,0
679,3942,1
1117,2128,0
796,1847,1
1501,1795,1
7070,3448,0
1283,2116,0
126,5126,0
2836,3434,0
846,5503,1
502,5680,0
1159,4442,0
393,219,1
1332,1856,0
1380,2770,0
126,3353,0
4681,49,0
1541,564,1
766,1929,0
1061,669,0
7070,3398,0
1533,2097,1
2112,4334,0
870,57,0
1122,1994,1
32,1156,0
869,3577,0
1075,3334,0
746,853,1
822,2655,0
6870,5605,0
1181,2956,0
1312,3882,1
1272,3359,0
1105,880,1
1506,21,0
1060,1048,0
226,2069,0
1120,1078,1
1197,3746,0
508,4075,1
1229,293,0
1407,3484,0
1533,7474,0
6401,9355,0
533,193,0
2975,444,0
359,608,1
967,910,0
943,633,1
2399,2107,0
996,1267,0
1429,7635,0
1379,4532,1
880,4284,1
1747,17,1
832,5800,0
1973,5399,0
3231,905,0
1517,1956,1
1113,1628,1
1135,3383,1
1451,3473,1
1518,942,0
678,5182,0
1344,1128,1
869,8766,0
3494,3407,0
416,1185,0
1473,5493,1
4875,3993,1
1761,1029,0
1393,4526,0
860,3417,0
1120,5168,1
904,2096,0
1060,812,0
692,1031,1
756,479,0
4759,1844,1
4803,1168,0
1062,1856,1
1101,3418,1
1122,3695,0
6757,43,1
605,736,1
691,1025,1
1234,5126,0
1245,3262,0
2580,578,0
2810,1485,0
2937,2157,1
991,5150,1
8355,3425,0
5671,479,0
7195,1589,0
1144,5800,1
1192,1757,0
6606,1044,1
1309,7627,0
1543,7482,0
991,5150,1
964,3121,1
1374,459,1
1061,3325,1
961,3315,1
751,9787,0
490,3431,0
2807,17,1
2448,4356,0
1485,4258,0
359,1263,1
1660,532,0
1120,3328,1
1659,5800,0
1536,5658,0
502,5107,0
869,1806,0
4875,3993,1
1332,4284,0
6757,3448,1
1144,5672,1
797,578,1
1112,167,1
1357,845,0
359,4512,1
1117,3425,0
846,5486,1
1330,3381,1
1521,5679,1
1505,3276,0
5691,3375,1
1540,1929,1
1420,1855,0
2787,5642,1
5626,3425,0
715,942,1
1074,3326,1
1396,3450,1
164,8281,0
4681,3337,0
359,8743,1
368,7634,1
707,428,1
1220,4405,1
1161,101,1
84,2618,1
392,1691,0
1309,5481,0
931,1285,1
405,811,1
2570,3363,1
307,2535,1
2570,5779,1
4812,3484,0
1525,1046,0
393,2720,1
1428,88,0
683,5347,1
6757,3285,1
2863,3331,1
746,853,1
560,1216,1
1045,1252,1
393,2166,1
2615,342,0
1554,918,0
1197,3990,0
1211,1531,1
1343,1076,0
2704,3577,0
441,1376,1
2261,1006,0
1245,1933,0
1591,5213,1
496,199,1
1381,113,1
490,1767,1
1127,7460,0
6401,3348,0
900,446,0
1097,4570,0
4275,1586,1
857,3326,0
4242,7482,1
891,8478,0
907,1261,0
1141,1591,0
198,704,1
2109,3474,1
1214,5319,1
1445,845,1
530,1934,0
1492,994,1
1192,3348,0
6757,3460,1
995,4410,1
404,708,1
1544,1599,0
538,873,1
936,3468,0
451,164,0
1761,411,1
1120,1956,1
1642,1293,1
2095,3409,0
6757,5129,1
749,1441,0
1402,73,1
1498,3414,1
6403,71,0
1421,2618,0
2807,1315,0
2615,4329,0
983,3397,0
952,703,0
652,8470,0
1215,1675,0
411,3357,0
1216,475,1
2937,3841,1
412,2208,0
40,3874,1
446,3575,1
6757,3461,1
857,5662,0
1334,4229,0
1113,155,1
1059,4459,0
828,3382,0
1583,825,1
4918,5758,1
931,1769,1
532,5785,1
995,745,1
270,4894,0
1113,7632,1
1271,8477,0
1246,620,1
1456,1786,1
411,2168,1
861,1978,0
931,1792,1
612,2648,1
6846,1691,0
814,747,0
1244,3178,0
761,1933,0
4351,1290,1
765,7482,0
1229,3827,0
1327,1549,1
837,736,1
1120,5168,1
1122,467,0
846,3476,1
561,2181,1
814,2619,0
959,2093,0
1350,8476,0
622,3728,0
823,3321,1
743,645,0
1220,432,1
2133,204,0
2382,2152,0
584,2239,1
6429,8215,0
153,1129,1
901,4526,1
1122,1779,0
581,7611,1
830,473,0
815,396,0
996,101,1
1429,490,0
270,4744,1
2921,1051,0
1225,663,1
6124,1825,0
1296,4052,0
1362,1290,0
857,7662,1
1347,811,0
1140,2230,1
1550,1402,1
228,613,1
4835,5276,1
785,1501,1
913,880,1
633,1893,1
636,5127,0
5680,2668,0
1202,9355,1
1536,1443,0
906,1509,0
2442,873,0
2382,3357,0
4011,7611,0
1224,5104,1
862,3394,1
880,4460,1
411,2168,1
860,3748,0
1479,3266,1
649,2002,1
652,823,0
1335,7632,1
1144,1043,1
679,3369,1
1577,1405,0
416,4525,0
746,3362,1
6757,5498,1
622,1585,0
621,275,0
472,3722,0
1125,1997,1
1483,169,1
968,5091,0
2810,3457,0
292,1638,1
540,880,1
693,431,0
749,139,0
4234,3461,0
1473,3778,1
1114,3681,1
591,5281,1
693,1934,0
393,1106,1
862,5411,1
1451,3380,1
509,3827,0
1202,9355,1
1335,437,1
405,5385,1
2615,1593,0
1118,1571,0
1479,4520,0
8354,464,0
5671,4010,0
4926,1076,0
2570,3356,1
3118,3302,0
1048,2307,1
418,5669,1
393,5181,1
1128,5172,0
1583,5563,0
6401,886,1
756,2327,0
6871,342,0
1554,5135,0
1112,167,1
857,2386,0
554,2208,1
815,7942,1
3118,1770,1
4833,3991,1
1023,1272,1
496,5475,1
523,3990,1
1271,392,0
239,2127,1
554,8478,0
1292,5170,0
2798,5354,0
1120,1806,1
711,1799,1
1061,2733,1
785,392,1
1224,5104,1
1274,5287,0
1268,4249,1
862,3309,1
596,2199,1
846,3832,1
1344,1955,0
1515,1234,1
1197,5139,0
61,4298,1
691,3831,0
1294,5240,0
679,5176,1
701,444,0
863,4249,1
1144,3436,1
1125,5175,1
1506,3383,0
796,1847,1
1358,5635,0
563,1323,1
6757,3413,1
7060,2691,0
4681,9367,0
1347,860,1
679,1131,1
2865,8766,0
2614,1350,0
1321,2451,0
1248,2324,1
1294,553,0
411,2168,1
4803,1120,1
1159,3804,0
1173,419,1
4832,1006,0
1118,1032,0
6757,3445,1
1271,405,0
1074,5308,1
854,465,1
84,741,1
6401,3481,0
929,880,1
1343,5289,0
1226,2152,0
1327,9687,1
2706,5439,0
2787,980,1
21,1062,1
983,986,0
393,1591,1
6834,1873,0
1321,589,0
2918,860,1
226,1115,0
6124,4493,1
393,1106,1
4137,789,1
591,4256,1
958,3400,1
170,220,0
1504,3335,0
596,4350,1
250,2768,0
428,4171,0
3220,8,0
893,5752,0
1262,2780,1
426,5308,1
1393,1664,0
550,4197,1
1432,1784,1
2937,3841,1
1541,1635,1
164,1429,0
765,2455,0
1363,1734,1
1124,1100,0
561,2181,1
6446,5404,0
2133,3344,0
6870,353,0
598,1482,1
170,3456,0
2112,3488,0
3466,633,0
1469,367,1
40,3874,1
6395,1599,0
6996,2217,1
752,8476,0
6757,2438,1
1048,2307,1
21,3337,1
13,5104,0
1122,1173,0
2863,3482,1
1330,3486,1
1118,5169,1
226,4255,0
1283,3149,0
707,5119,1
7070,91,0
1197,8470,0
164,7636,0
26,5656,1
252,7637,0
89,4379,1
1358,3412,0
1341,1583,1
474,187,1
1335,164,1
7329,3435,1
7636,676,0
3118,5523,0
1144,5667,1
7329,3338,1
26,380,1
2095,4368,0
74,1599,1
754,1288,0
2937,5404,1
1043,3933,0
1429,1405,0
1377,9355,0
405,5385,1
909,2956,0
655,314,1
7456,5542,0
1488,4258,0
1017,444,1
3118,3650,0
392,825,1
6401,5231,0
6429,8209,0
573,7626,1
1349,2452,0
444,4368,0
496,3754,1
7195,8459,0
756,2165,0
1279,6576,0
7839,5354,1
2918,1693,0
815,4472,0
170,744,0
756,1440,1
1280,687,1
1541,255,1
458,3352,0
1711,812,0
473,1607,0
6865,590,1
1540,1097,1
511,1994,1
446,3647,1
393,5178,1
862,8474,1
3494,1011,0
1421,3273,0
3442,5281,1
1059,1549,0
814,573,1
2432,4342,1
457,1717,0
397,3178,1
226,2085,0
7055,236,0
4833,1066,1
1097,5182,0
550,4197,1
796,3754,0
5387,2452,1
1062,2459,0
1590,5126,0
707,970,1
6124,217,0
785,392,1
598,1263,1
1161,101,1
250,173,0
1572,5419,0
418,4429,1
621,1245,0
1211,1458,1
862,9783,1
534,1099,1
5626,4518,0
1294,2152,0
905,475,1
1504,8992,0
7329,3372,1
862,3309,1
591,2227,1
864,1799,0
965,2078,0
198,1334,0
1473,3835,1
646,175,0
5691,3348,1
1440,5544,0
807,533,1
1355,1586,1
815,7942,1
6757,5441,1
964,3121,1
396,1512,1
1445,2945,0
5697,1550,1
433,3624,1
4877,3337,0
3516,1930,1
1128,3609,0
5626,3471,0
1761,845,0
1126,5785,0
1541,1689,1
427,1402,1
5537,939,0
1349,828,1
814,1560,0
158,9151,0
2937,3650,1
837,1800,0
1177,2226,0
31,7,1
1483,5126,0
283,1893,0
596,5281,1
693,3491,1
1488,663,0
1741,1752,0
6757,3466,1
946,1420,1
1420,758,0
3466,8766,0
2975,1557,0
4875,1716,0
5680,338,0
405,809,1
913,634,0
246,970,0
6871,3361,0
40,811,0
103,236,0
613,680,1
393,1978,1
7329,5322,1
2975,3812,0
8355,199,0
883,2231,1
1396,3565,1
965,218,0
2733,4336,1
4812,1066,0
953,5199,1
496,2156,1
474,5353,1
2975,435,1
613,453,1
1274,1011,1
1377,1934,0
432,5313,0
1554,489,0
6429,3346,0
7206,3279,0
2824,7482,0
1525,1581,0
1294,4220,0
679,5136,1
1779,2555,1
743,5457,0
743,2771,1
2620,5699,1
1104,16,0
511,4250,0
2095,2198,0
1335,4335,1
649,5683,1
7171,204,1
905,744,0
1485,3351,0
1394,2125,0
836,3248,0
897,1542,1
84,5172,1
1498,7446,1
359,3317,1
5691,381,1
5671,4382,0
1048,2307,1
1741,3330,0
722,1378,0
851,2183,0
445,5183,1
958,3400,1
6395,1799,0
1567,4459,0
4010,2002,0
1075,3401,0
502,3495,0
655,5457,1
6757,3412,1
1180,2166,0
6100,7617,1
1272,1165,1
1421,5411,0
1567,5654,0
5691,2692,1
904,9774,0
1286,139,0
550,1429,1
499,3467,0
533,3804,0
826,3618,0
1181,1783,0
5680,1866,0
1085,9069,0
1105,4872,0
931,5384,1
1060,880,1
504,1638,0
490,2740,1
1211,3265,1
1539,5379,1
4010,7475,0
907,9367,0
754,2404,0
664,5107,0
8355,8470,0
869,1675,0
679,467,1
679,1051,1
7454,7657,0
707,107,1
4875,1608,0
359,5176,1
1405,5381,0
964,459,1
1178,1168,0
26,3401,1
1482,3480,0
2525,764,0
1335,4010,1
411,2167,1
1203,589,1
7171,5821,1
1456,2727,0
1283,3618,0
445,2075,1
8354,4230,0
797,4490,1
1085,1767,0
2615,5158,0
270,1520,0
84,1855,1
1021,214,0
1451,3351,1
1374,3482,0
1391,1273,1
613,8457,1
707,1648,1
1224,1256,1
1529,4459,1
1525,4705,0
864,1313,1
4926,5553,0
359,3322,1
1344,3526,0
273,1021,0
7454,682,0
1587,3886,0
1396,3409,1
710,2740,1
596,1171,1
540,174,1
1659,1329,0
1137,5556,1
1226,370,0
31,4333,1
1334,1575,0
952,3534,0
496,673,1
2921,1590,0
1021,1040,0
1035,4248,0
1211,4488,1
7636,994,0
885,479,0
756,1440,1
1391,1066,0
7067,4190,0
1047,703,0
814,4486,0
775,2127,1
4812,285,1
1495,2127,1
663,744,0
1402,3458,0
6871,164,0
5387,251,0
292,1638,1
2442,4481,1
252,3783,0
6757,2438,1
2863,5313,0
1473,828,1
1659,2779,0
909,1378,0
6757,5669,1
444,760,0
255,59,0
4926,848,0
1393,3398,0
907,4943,0
1197,7638,0
1144,5616,1
1296,2130,1
126,2780,0
2863,5094,1
2824,2393,1
2807,3347,0
457,2668,0
752,3404,0
1483,3481,1
3118,4335,0
1567,987,0
6124,3417,0
496,2156,1
846,3306,1
6080,1334,0
405,809,1
1594,213,1
1420,825,1
5671,5181,0
953,7618,1
2492,5411,0
1060,2096,0
1346,2956,1
6458,669,0
1224,1704,1
1057,161,0
7206,3258,0
3430,3623,1
1642,3526,1
1455,5521,0
756,2005,0
2874,825,1
906,1919,0
1019,3618,1
4080,930,0
1231,930,0
84,2618,1
228,1543,1
2800,174,1
3231,1589,0
1220,5275,1
4275,2069,1
1180,4407,0
616,880,1
952,1006,0
1201,4379,1
1659,5441,0
796,3334,0
2780,3750,0
763,262,0
869,8992,0
766,880,1
5671,3309,0
1379,340,0
1517,1793,1
1567,5571,0
334,5354,0
84,5241,1
6757,3458,1
512,1323,1
1177,5402,0
6757,3448,1
1021,155,1
844,1976,1
4681,5172,0
554,1796,1
7454,16,0
3497,1613,0
446,2153,1
679,1227,1
551,139,0
834,1376,1
334,1032,1
622,1051,0
4759,2791,1
359,3416,1
6757,2677,1
732,331,0
7636,168,1
1215,4517,0
6870,1402,1
1779,2554,1
1575,1693,1
1451,5671,1
7055,808,0
542,809,0
3079,5137,1
359,3276,1
575,2227,1
1120,238,1
2448,1509,0
909,1429,0
2863,1096,1
1290,4018,0
1238,9774,0
839,1315,1
272,91,1
857,7662,1
961,5526,1
1245,7621,1
1192,1976,0
1216,475,1
428,1006,0
1021,5788,0
1575,2078,1
895,2179,0
504,1929,0
1505,5308,1
1363,5324,1
1126,906,1
707,5399,1
31,4410,0
7348,3375,0
1057,2231,0
1866,2069,0
5691,1267,1
504,275,0
6389,2657,0
198,908,1
7067,15,0
2810,1394,0
1095,3801,0
1451,3480,1
701,3284,0
1497,1252,1
84,2237,1
1216,3328,0
1594,3575,0
916,1782,1
775,1782,0
1442,5183,1
8050,3270,0
678,380,0
7023,2184,0
1007,392,1
6389,1126,0
4817,676,0
777,3457,0
752,337,0
558,5347,1
2865,1478,0
1248,2324,1
565,1693,0
4234,5609,0
1521,3836,0
1085,3306,0
2714,5158,0
3220,2404,1
2615,4298,0
132,3695,0
1099,3342,0
913,880,1
2937,3113,1
7329,1087,1
8355,3827,0
451,1757,1
74,1590,1
469,880,1
1587,3812,0
707,5119,1
1292,568,1
937,5343,1
26,2094,1
931,1463,1
967,3393,0
1321,880,1
743,1557,0
4813,825,1
1411,1734,0
490,6576,0
1421,3754,0
158,4439,1
2735,2228,1
1334,633,0
1358,15,0
1584,3407,0
1483,3481,1
1594,1831,1
7329,1805,1
2863,5165,1
1220,5150,1
1407,2324,0
906,3389,0
649,185,0
811,17,1
7172,880,1
1078,2691,0
3118,2150,0
3284,179,0
946,5246,0
1379,9783,0
292,1638,1
392,2163,0
996,7615,0
541,2166,0
1590,953,0
711,7480,0
1021,155,1
61,4396,0
688,2163,0
596,2161,1
1161,444,0
26,5541,1
1420,2493,0
846,3438,1
1216,475,1
273,953,0
1480,17,1
5626,4872,0
1113,155,1
3118,4943,0
1021,473,0
1127,2523,1
2743,5313,1
591,5122,1
273,3804,0
1575,2078,1
1505,2112,0
555,5295,0
1420,825,1
558,7662,1
1274,1554,0
5691,5283,1
5697,2752,1
1144,3435,1
987,1120,0
434,1880,0
7195,1804,1
723,340,0
961,5091,1
837,1021,0
715,4523,1
683,9997,0
1642,3321,1
2573,860,1
74,1590,1
1473,3476,1
961,5516,1
170,396,1
5250,1941,1
5387,5540,1
1497,473,0
953,1410,1
126,2644,0
1374,459,1
870,1251,0
1229,5504,0
909,4351,1
535,3264,0
1541,38,1
761,7474,0
1400,4534,0
473,1557,0
107,5498,0
862,5321,1
1060,1832,0
1440,1467,0
6757,5128,1
663,4486,0
830,2429,0
1113,38,1
359,3305,1
618,2275,1
1177,956,1
958,3397,1
1345,3427,0
596,2159,1
2112,3391,0
1019,897,0
397,2000,1
996,101,1
1741,1222,0
1741,422,0
1201,5667,0
1062,1856,1
2872,4297,1
1567,43,0
916,446,1
1418,1525,1
432,3445,0
1283,2150,0
749,5165,0
6080,1032,0
1541,1222,1
1482,5213,1
170,4329,0
646,1701,0
2570,3404,1
600,7626,1
3497,5457,0
862,3393,1
359,3276,1
6846,5165,0
4832,4439,0
679,3942,1
3494,4524,0
444,4526,0
1522,4491,1
502,91,0
597,2199,1
496,1730,1
6446,3801,0
881,1964,0
2620,4382,1
1268,1709,1
3231,5167,0
7074,3754,0
909,5289,0
1999,7472,1
904,1545,0
1521,5679,1
1280,473,1
1061,3326,1
785,4336,0
905,475,1
915,1098,1
1048,3724,1
1546,873,0
393,1207,1
765,1783,0
1197,880,1
496,2095,1
2704,364,0
5387,5542,1
1358,1364,0
1335,596,1
1403,3348,0
710,3875,1
1027,2089,0
1046,2674,1
1186,1224,1
560,184,1
1341,1635,1
1522,973,1
2810,4457,0
1315,1378,0
961,5526,1
1320,657,0
1290,8465,0
1211,5113,1
1343,1487,1
5691,3347,1
2875,880,1
292,1717,1
1349,828,1
3442,1531,1
1290,657,0
1429,5788,0
252,1245,0
427,5290,0
6124,3337,0
1131,1997,0
1587,2152,0
1343,1487,1
1420,932,0
103,3337,0
6429,1683,0
499,479,0
418,3420,1
3497,5676,1
679,3306,1
1393,1470,0
1101,744,1
7348,5231,0
613,1997,0
6757,3412,1
4010,7657,0
2850,1613,1
2836,7637,0
846,1131,1
646,2716,0
1120,5168,1
1973,810,1
2570,2122,1
392,4945,0
8050,1048,0
770,4744,0
7023,845,0
1741,446,0
959,2669,0
612,2648,1
1280,473,1
1279,1032,1
252,264,0
1483,2436,1
359,4428,1
5691,7624,1
1540,3865,1
7329,4438,1
780,4485,0
1180,1799,0
7636,3338,0
844,264,1
1473,2678,1
709,5360,1
897,2451,0
1575,1693,1
777,357,1
930,5751,1
931,1792,1
542,102,0
595,1969,1
169,897,0
1866,4197,0
1166,2691,0
1068,910,0
1011,5107,1
959,5535,0
428,3480,0
958,3386,1
715,858,1
1068,3728,0
2432,1429,0
965,1093,0
5626,8460,0
1274,15,0
7195,1308,0
2836,9103,0
162,1409,1
21,3473,1
1014,10030,0
807,2800,0
1445,845,1
2704,483,0
252,2691,0
3497,846,0
2875,747,0
1521,217,0
6757,3462,1
1334,78,0
430,1793,0
7463,4000,1
4832,3825,0
654,683,1
511,3330,0
3118,5274,0
7206,1550,0
393,3277,1
1346,2956,1
953,7618,1
1449,3886,1
1014,4351,0
766,880,1
646,1812,0
832,405,1
864,2109,1
1567,1713,0
1345,569,1
252,1571,0
688,2900,1
2580,1549,0
815,1333,0
3144,880,1
1094,1467,1
1202,894,0
658,4474,1
1042,5140,1
501,5785,0
1351,479,0
8355,1046,0
3419,5547,1
1735,1904,0
368,3335,1
2614,4485,0
126,71,0
1113,8215,1
496,3812,1
834,1351,1
26,3247,1
474,5353,1
1400,794,1
1449,218,1
1351,592,1
987,5379,1
501,683,1
967,2208,0
1421,1993,0
1122,2154,0
1572,3391,0
766,880,1
1540,3865,1
7074,4421,1
6401,5127,0
3494,1032,0
655,4307,1
1274,1011,1
1335,1470,1
765,3258,0
814,4379,0
1192,5120,0
1546,1799,0
4234,5136,0
1483,3549,1
983,3396,0
1403,7939,1
542,4007,1
1122,1334,0
1779,15,0
1201,4541,1
1660,8281,1
1591,4421,0
7206,518,1
444,3801,0
1262,2780,1
952,2150,0
1429,3356,0
1451,5222,1
473,3352,0
418,4429,1
1127,2523,1
1518,3280,0
1529,7942,1
961,3346,1
4813,1129,0
2704,1407,0
4833,1066,1
1007,2689,0
721,2322,1
2382,101,1
983,57,0
1522,3647,1
864,1313,1
1432,1667,1
1577,342,0
392,2717,0
7070,3340,0
4314,2168,0
1005,199,0
1126,4894,0
1344,5544,0
6871,9785,0
1341,3345,1
1461,4474,1
1541,186,1
558,5347,1
499,939,0
901,4378,1
458,4396,1
26,3248,1
1642,5546,0
446,1659,1
5691,30,1
931,428,1
3466,3486,0
1057,2717,0
1968,4007,1
1473,3430,1
749,4356,0
991,5726,1
596,2160,1
2133,2772,0
1134,1752,0
198,704,1
457,1402,1
6757,3466,1
638,5113,1
394,5283,0
1518,1129,0
2872,5168,0
1480,1511,1
1221,161,0
1429,1006,0
3118,1770,1
613,453,1
4080,1956,0
1220,512,1
834,314,0
1591,3456,0
839,1826,1
2112,1614,1
394,2107,1
1429,2741,0
1286,1614,1
707,5130,1
1296,3373,0
7329,4458,1
1135,3381,1
1290,1575,0
987,5379,1
756,2217,0
40,3874,1
84,741,1
1351,592,1
6757,3285,1
2261,5681,0
1272,2551,0
1352,4220,1
782,9449,0
707,241,1
2442,1611,0
1405,1076,0
1741,1317,1
397,2000,1
1400,3830,0
1501,1783,1
1112,1774,0
4242,7482,1
641,1833,1
1504,1173,0
1161,453,0
1543,139,0
1211,1531,1
1023,5533,1
359,608,1
616,2668,0
6757,3446,1
1428,8211,0
1506,1614,1
1224,1420,1
533,3744,0
722,953,1
448,2127,0
246,5381,0
496,199,1
533,3126,1
496,1437,1
591,1977,1
951,516,1
1271,880,1
1586,5137,0
84,741,1
1027,1323,1
3466,3351,0
904,5642,0
180,3391,0
792,956,1
1007,3429,0
754,1608,0
1539,1405,0
638,4171,1
1343,745,0
2740,3263,1
1473,1233,1
636,5597,0
1461,4474,1
542,5135,0
2798,3486,0
1120,3357,1
1482,1880,0
6871,1542,0
2937,3271,1
2937,3260,1
193,3746,0
1094,3404,1
721,216,0
845,5137,0
1344,91,0
862,5321,1
457,1585,0
1587,9779,0
2219,5137,0
1576,5360,0
539,520,1
2570,270,1
1216,475,1
89,4189,0
1428,1035,0
664,1094,0
828,568,1
765,9449,0
1226,7482,0
873,1413,0
446,3261,1
870,5486,0
1341,5422,1
1554,3346,0
2133,1496,1
6124,277,0
1095,2800,0
2492,5090,0
2615,2416,0
1335,5170,1
1082,2000,0
427,7939,1
1112,5360,1
1582,168,1
965,4382,1
1177,4526,0
4877,5676,0
1202,1357,0
1350,1866,0
32,5347,1
2261,5523,0
862,3309,1
707,7638,1
530,1427,1
1264,5131,0
1518,2324,0
6446,1768,0
2570,5118,1
1761,4171,0
1180,500,0
785,364,0
961,1576,1
530,5674,1
1515,5241,1
2975,2780,0
901,4189,1
2975,435,1
965,2772,0
4681,2678,0
5537,1211,0
1498,3317,1
496,199,1
732,3391,0
3497,5821,0
1117,2942,1
1246,471,0
2850,3122,1
836,5175,1
13,211,0
1082,1360,0
499,1165,1
907,3342,0
193,1575,0
1449,467,1
359,2182,1
368,8204,1
951,8208,1
7456,3729,1
2787,5166,1
1189,24,0
961,3422,1
21,5664,1
1374,1748,0
1181,8459,0
741,101,1
1060,5516,0
707,3954,1
1102,3404,0
1224,3347,0
457,7617,0
785,1599,0
6834,8478,0
2805,5508,0
1522,8210,1
1473,4458,1
496,25,1
6757,3455,1
1498,1051,1
479,5158,0
1085,1288,0
693,3545,0
1027,908,0
1594,1832,1
1363,760,1
1122,1994,1
732,2451,0
411,3577,1
5697,3431,1
1544,5541,0
1711,5360,0
6757,3457,1
640,5241,1
2689,3743,0
8354,933,1
688,2900,1
6458,3264,1
359,3324,1
755,1280,0
1642,3574,1
1420,3645,0
490,4421,0
1480,1511,1
860,1098,1
995,7444,0
828,1782,0
1124,1769,1
1381,113,1
911,7662,1
2382,2237,0
1544,2112,0
1355,1955,0
1278,5287,0
991,5150,1
859,4068,1
393,7615,1
414,3345,1
451,262,0
7456,3729,1
359,3320,1
5626,5289,0
7067,3362,0
538,4052,0
754,2161,0
1274,525,0
359,3345,1
496,5350,1
691,3332,0
735,1847,1
2780,1557,0
1062,1194,1
814,5658,0
4813,1802,0
89,673,0
763,683,1
1541,678,1
797,2157,1
638,4379,1
1060,5094,0
1517,1793,1
1216,4248,0
1320,389,1
3497,5676,1
1420,3890,0
862,3382,1
766,5354,0
1021,263,0
4813,1062,0
7348,16,0
722,3268,0
532,5785,1
1077,7638,0
1144,1233,1
1082,57,0
1418,1525,1
893,1475,1
7456,2452,0
1117,2942,1
1330,3380,1
1120,3407,1
1445,162,1
3494,5411,0
1469,2090,1
2863,3302,1
1321,2152,0
711,1472,1
2918,3748,0
958,5671,1
1320,7633,0
448,8215,0
7023,2779,0
869,5213,1
1214,3340,1
1425,236,0
1068,2624,0
6124,3488,0
4877,3480,0
2743,1949,1
1085,3178,0
1211,5152,1
2811,7637,1
1019,3484,0
1113,8215,1
754,204,0
1095,3330,0
1642,3574,1
1315,1525,1
1131,5379,1
1199,5213,1
1533,1487,1
964,79,0
7463,1394,0
1007,2005,0
1402,3363,1
565,883,1
1046,5121,0
3118,1770,1
1536,2237,0
446,5406,1
428,2535,0
654,2159,0
998,5439,0
5697,1550,1
2133,139,0
959,683,0
226,1432,1
1536,592,0
5250,5002,1
1007,1062,0
74,199,0
660,5742,0
4011,2523,0
496,2095,1
246,3264,1
1516,1021,0
678,4230,0
2824,350,0
2704,475,1
4010,3410,0
679,3369,1
1292,2090,1
931,2098,1
1049,210,1
1060,880,1
272,5535,0
4833,2727,1
74,1399,1
780,1904,0
1042,3413,0
226,1406,0
444,4258,0
2580,5286,0
7060,9383,1
1642,3526,1
2399,516,1
2787,5523,0
469,1904,0
5537,3746,0
968,113,0
6871,1078,0
1591,3258,0
1567,5178,0
969,1742,1
605,5544,0
797,1880,1
909,4351,1
694,4945,0
2800,1645,1
359,3314,1
780,5789,0
2615,7483,0
916,2530,1
226,1308,0
2382,713,0
1544,2429,0
1122,558,0
628,1771,1
496,1170,1
679,5135,1
1011,8459,0
5626,5182,0
84,2237,1
2382,1646,0
846,3471,1
1320,578,0
869,3534,0
7329,3306,1
763,1290,0
1112,167,1
1355,1257,1
1377,2164,0
1541,970,1
551,5419,0
3419,5381,1
507,2737,1
250,5231,1
880,2100,1
1554,643,0
1660,1228,0
931,17,1
1013,5516,0
7172,613,0
432,5605,1
910,1768,1
830,880,1
618,1730,0
1455,139,0
3939,3391,0
663,3121,0
1011,4522,1
1575,364,1
1411,8460,0
5697,216,1
6870,520,0
1392,5598,0
2615,5152,0
158,3425,0
5387,5540,1
6870,421,0
597,1102,1
1006,5572,0
1124,4474,1
4803,163,1
1042,446,0
393,3280,1
4926,1052,0
6446,1042,1
7067,937,0
1583,825,1
754,1035,0
1180,1696,0
1135,8476,0
1181,1691,0
1594,5176,0
598,1263,1
426,2324,0
1102,5508,0
596,4447,1
6757,3456,1
851,2168,0
5626,900,0
1122,1994,1
1432,5789,1
239,1127,0
1280,790,1
448,5224,0
457,4457,0
2735,4350,1
1522,2156,0
1529,4290,1
366,2085,1
198,908,1
1128,2233,0
554,2208,1
1082,8743,0
1126,7485,0
3777,3842,0
1113,5348,1
1180,3576,0
1104,953,1
496,5402,1
6124,4493,1
707,2098,1
1074,1209,1
931,938,1
1048,3488,1
1159,1706,0
1117,4291,0
1296,2130,1
2805,7634,0
227,4216,1
444,39,0
509,921,0
414,1360,1
1469,367,1
1159,3458,0
1395,1893,1
4759,2791,1
393,7614,1
959,242,0
1421,2116,0
1522,973,1
2399,210,1
1430,16,0
931,179,1
1082,5553,0
226,3886,0
2714,1930,1
3419,2179,1
228,3695,1
1131,4943,0
563,381,0
412,3744,0
6403,61,0
862,3402,1
1159,2636,0
496,1407,1
862,586,1
1211,5152,1
393,1207,1
1113,1635,1
527,1716,0
1296,3890,1
857,5497,0
473,7662,1
551,1290,0
862,3309,1
641,7662,1
844,263,1
1347,8215,0
1587,7618,0
1400,1564,1
1220,3271,1
368,8204,1
2570,5779,1
443,278,0
864,1358,0
6757,4442,1
1059,1646,0
897,972,1
741,1814,0
1411,5127,0
1544,1585,0
107,1509,1
721,1011,0
6606,684,1
8355,164,0
7329,5499,1
7055,1782,0
694,5597,0
1047,3363,1
457,1097,0
193,3382,0
964,3328,0
541,4532,0
931,1602,1
1122,1994,1
701,459,1
6757,5441,1
1341,1035,1
655,4307,1
1968,419,1
4351,2327,1
1122,5609,0
705,4007,1
5250,1941,1
679,3312,1
366,4197,0
654,5182,1
1127,5533,0
588,1777,1
1244,217,1
1117,665,1
1350,1614,1
652,3344,0
2573,1796,0
961,5516,1
4503,1852,0
7074,3171,1
1046,3149,1
7074,4421,1
270,7607,0
1320,39,0
1335,1526,1
530,5674,1
707,465,1
1591,5213,1
1379,5789,1
1575,1694,1
446,3647,1
701,5553,0
13,5311,1
509,8472,0
4011,1489,1
2219,1156,1
418,3366,1
2714,3268,0
732,3991,0
807,1938,0
227,500,0
4918,1591,0
3939,883,1
1686,3273,1
819,2087,1
836,5289,1
451,1757,1
1211,3622,1
857,21,0
754,3429,0
907,475,1
1312,1969,1
1118,880,1
996,218,0
170,396,1
2733,7460,1
7172,9779,0
1332,1611,1
1074,3325,1
6401,3328,0
7329,3465,1
1085,1052,0
1554,459,1
479,5679,1
4242,3572,1
995,4410,1
7636,168,1
227,3171,0
862,9780,1
722,953,1
701,459,1
1395,758,1
1429,1317,1
2733,5246,1
1191,102,1
5691,3410,1
1199,572,1
1362,709,0
496,3750,1
1473,3992,1
508,5182,0
998,1709,0
857,5094,0
533,3126,1
766,275,0
906,1582,0
1341,79,1
1594,213,1
1452,2168,0
6757,7446,1
735,1585,0
636,2691,0
1321,5553,0
1335,3845,1
1113,2196,1
558,1501,1
1166,1334,0
1711,596,0
995,175,1
766,880,1
13,613,0
7329,9787,1
2975,2691,0
565,4798,0
694,1709,0
226,3804,0
707,1803,1
1473,5240,1
5697,5672,1
1208,552,1
1421,7475,0
499,3695,0
646,3276,0
7329,1263,1
1262,1394,1
1362,5175,1
931,1930,1
2780,5131,0
943,1904,1
1280,423,0
426,3127,0
839,1992,1
1117,173,0
2743,2010,1
1211,3882,1
1469,2535,0
1234,986,0
891,4382,1
227,2168,0
1297,620,1
2810,585,0
7171,204,1
5671,3933,1
701,3397,0
807,2124,0
1449,4421,1
1229,238,0
3494,3455,0
930,873,0
1231,4426,0
1501,161,1
5671,1767,0
1104,1664,0
863,211,1
126,193,0
1234,5182,0
1101,3417,1
1451,3388,1
5626,3402,0
1211,1531,1
4275,634,0
584,3841,1
532,5785,1
761,2159,0
1226,5800,0
904,2233,0
392,5353,0
765,2626,1
1043,828,1
2807,1635,0
2823,4798,1
542,2005,1
2109,5671,1
1059,2130,0
807,1709,0
8354,933,1
732,78,0
1019,3618,1
2811,1543,0
5691,7624,1
4275,2069,1
1403,3459,0
1231,8455,0
4010,1066,0
1504,9151,1
679,5136,1
931,596,1
496,1609,1
1120,3406,1
26,9783,1
193,1245,1
4759,4472,1
84,5172,1
1642,1581,1
961,5546,1
4503,1037,0
404,3318,0
1567,921,0
1391,1893,1
707,3608,1
679,1131,1
2133,4459,0
1469,5535,0
1488,4474,1
834,156,1
1432,350,1
1973,2255,0
307,2535,1
1173,3294,1
1506,4512,0
164,1463,0
6395,1185,0
940,2184,1
6834,7474,0
6757,3466,1
845,2237,0
904,475,1
1575,1693,1
1094,8476,1
3419,5547,1
612,2648,1
752,2010,0
987,5422,0
2620,5169,1
5387,5542,1
1511,353,0
1396,3352,1
636,422,0
4242,3447,1
581,1431,1
394,5319,0
961,5738,1
4681,2069,0
1374,5742,0
596,2159,1
1006,3294,1
1525,1413,0
6458,3264,1
1999,2624,0
707,7638,1
393,7614,1
2570,8473,1
1396,3449,1
6757,3455,1
6834,8,1
1144,3495,1
1119,745,1
663,4333,0
106,4248,1
2580,2208,0
1488,5402,0
2109,5669,1
1515,5241,1
1572,338,1
936,880,1
2872,3113,0
1968,1502,1
4242,3457,1
418,3427,1
1425,1402,1
1049,270,0
998,3390,0
1049,210,1
1309,2717,0
428,3404,0
538,873,1
722,3481,0
1101,5247,1
1275,1821,1
1275,1542,0
1428,5674,0
1117,665,1
530,1648,1
6606,1046,1
496,5350,1
622,255,0
983,153,0
1351,1035,0
749,845,0
8355,5213,0
1166,633,0
823,3320,1
1099,3340,0
40,1560,0
1357,4511,1
1099,7480,0
4817,3360,0
4242,3460,1
1082,8,0
1469,900,0
674,3429,0
499,8992,0
862,9782,1
1014,7655,1
7329,8460,1
359,5437,1
752,1994,1
411,2691,0
5671,5355,0
496,121,1
1211,4541,1
1045,905,0
652,4540,0
6757,3285,1
679,1919,1
1228,504,0
1075,4367,0
715,4523,1
573,5406,1
1220,2243,1
7636,1844,0
1143,5315,0
1741,990,0
2448,4490,0
1343,5542,0
132,5104,0
1464,1311,1
170,340,0
1120,5281,1
393,1021,1
3430,186,0
2615,147,0
1395,518,1
433,3842,1
540,3993,0
1122,1441,0
1262,2780,1
359,987,1
1380,5357,0
1101,1227,1
640,459,1
533,3398,0
6100,1482,1
1357,4511,1
2836,3337,0
3376,785,1
3376,3814,1
930,3848,1
913,5533,0
4681,4512,0
4759,3744,1
1363,760,1
1211,1461,1
1224,589,1
7172,903,0
405,809,1
393,5178,1
1497,3366,0
1294,3836,0
885,2802,1
393,2165,1
3442,340,1
446,1437,1
6100,3723,1
1575,2078,1
1216,7634,0
1504,1590,0
862,8470,1
283,465,1
1430,9449,1
1543,4860,0
1395,1709,0
2850,3256,0
749,1768,0
722,1675,0
591,1170,1
2787,5166,1
1584,1774,0
705,590,1
6757,3461,1
1541,1664,1
539,184,1
1180,2303,0
6458,3347,0
1099,1557,0
2872,3262,0
228,4894,1
1586,61,0
443,3404,0
969,1582,1
250,2791,0
7172,56,0
4242,3572,1
8050,7482,0
693,479,0
1201,204,0
2615,858,0
765,2716,0
1594,214,1
859,1156,1
246,1802,1
2874,4511,0
961,987,1
428,2942,0
7218,3263,1
1482,9783,0
1540,3865,1
3430,1675,0
658,264,1
359,608,1
1131,5379,1
170,3467,0
1122,2636,0
1347,3801,0
1380,1767,0
952,3393,0
1229,1793,0
359,3314,1
965,1285,0
7006,5497,1
3516,2156,0
1344,3408,0
393,260,1
1067,511,0
392,1463,0
1761,2167,0
595,3647,1
1046,3447,0
5673,3384,1
655,1234,1
170,3572,0
6757,3450,1
554,569,1
8050,235,0
646,790,0
931,3819,1
496,3748,1
1379,5304,0
649,5681,1
1605,416,0
1113,4481,1
393,1554,1
393,1207,1
1583,973,0
907,1022,0
533,1035,0
880,4460,1
1011,5128,0
900,3302,0
2823,4798,1
3220,9785,1
5387,3465,1
13,8477,0
1741,3577,0
596,2160,1
885,3448,0
1049,1378,0
1347,3330,0
958,3391,1
1403,4053,0
796,91,0
1582,5651,0
693,7612,0
1085,3334,0
496,23,1
1335,220,1
474,326,1
458,4705,0
1231,4255,1
959,812,1
2875,3455,0
3118,3421,0
2807,2005,0
532,4525,1
4817,1870,0
1135,3386,1
743,3273,0
1120,5168,1
1430,9449,1
1225,663,1
1246,1252,1
1479,5152,1
707,220,1
679,467,1
8354,933,1
1473,3338,1
1104,1252,1
5387,3334,1
1464,338,0
1271,4197,0
1216,2229,0
891,1021,0
1321,3277,0
1344,1128,1
4926,863,0
1141,1095,1
1374,901,0
103,1955,1
1161,3356,0
836,5289,1
3284,3420,0
7636,7662,1
393,7614,1
7004,3320,0
433,3576,1
895,3783,0
766,880,1
1430,9449,1
1125,5175,1
6871,2233,0
1498,2752,1
1113,153,1
1127,39,1
7074,3172,1
707,29,1
613,453,1
1818,2733,1
1067,4061,1
1495,1976,0
2743,253,0
2937,2227,1
638,120,1
1101,3415,1
1280,1945,1
765,2164,0
1818,1525,1
1711,2161,0
846,3430,1
596,2198,1
533,3126,1
3494,2090,1
2615,3526,0
1014,1868,0
995,175,1
2704,475,1
4926,193,0
7456,908,0
405,5385,1
2432,5311,0
2810,880,1
5537,503,0
21,5663,1
1310,972,0
7456,680,0
496,3750,1
1428,2167,0
4918,5820,1
560,1777,0
2573,3412,0
542,2005,1
983,5419,0
968,83,0
1540,3865,1
830,5497,0
1352,2183,1
873,1207,0
1005,940,0
1335,5824,1
3430,3420,0
535,1769,1
1125,4220,0
1424,2533,1
2095,2457,0
1407,2428,0
1345,1976,0
1214,5521,1
4241,2231,1
1544,794,0
705,5755,0
1005,5535,0
6389,3377,1
715,942,1
1271,3728,0
1686,272,1
1263,1273,1
1075,2657,1
365,3122,1
1321,1757,0
538,2164,0
1345,4229,1
1660,8281,1
1268,459,1
1118,3374,0
2206,1940,1
6757,3466,1
893,3406,0
1425,1402,1
6757,3370,1
4137,789,1
1057,1542,0
591,3271,1
836,8208,1
3497,3365,0
5626,8467,1
861,403,1
723,1929,0
660,1526,0
1177,2457,0
1128,2618,0
8050,5788,0
4759,3744,1
2704,2657,0
931,1602,1
4926,2107,0
533,5246,0
1374,3488,0
432,5605,1
766,3841,0
1461,4438,0
1082,3482,0
534,7636,1
780,1772,1
655,1234,1
862,30,1
660,9151,1
1418,1525,1
542,2778,0
958,5670,1
1280,8766,1
3042,220,1
1396,3856,1
6757,3365,1
106,3195,1
5697,216,1
1575,1694,1
2810,5240,0
5697,1054,1
1128,5189,1
996,3783,0
901,3268,1
952,811,0
393,3277,1
6100,4872,0
5691,7624,1
1686,3273,1
1344,3415,0
752,3380,0
1215,8472,0
1973,3301,0
735,1847,1
792,7655,0
679,1931,1
983,5750,0
5626,43,0
830,900,0
814,7474,0
701,242,0
1135,5232,1
1347,860,1
123,4369,1
1197,942,0
1498,7446,1
1357,3990,0
961,3317,1
616,4532,0
834,1351,1
496,235,1
1114,4402,1
1166,3417,0
796,367,1
2570,2089,1
1189,4485,0
1007,1929,0
1059,1774,0
428,2219,0
496,5475,1
1134,1102,0
3516,3379,0
2382,3389,0
1452,1209,1
1516,4860,1
1023,1272,1
404,3259,1
1442,518,0
1396,3464,1
2836,8455,0
2874,3297,0
1112,2624,1
1085,3842,0
961,3317,1
7055,5119,0
1143,7,0
1215,2404,0
1660,9151,0
5680,1487,0
1181,5421,0
1346,2158,1
2704,2156,0
61,829,1
228,249,1
1591,3990,0
393,8465,1
723,825,1
1117,2942,1
1660,8455,0
1429,322,0
1321,3842,0
823,987,1
1461,921,0
968,2956,0
761,314,0
180,990,0
393,3815,1
1048,2307,1
1127,1646,0
3497,5680,0
123,3823,1
5537,825,1
756,217,0
1393,5499,0
794,2727,0
1238,5563,1
1405,7655,1
1211,1811,1
654,5360,1
445,214,0
4681,5677,0
1540,3819,0
638,932,1
3079,1029,1
1576,88,0
4242,3458,1
1197,3448,0
1583,503,0
1215,5475,0
3284,1037,0
3494,1557,0
433,5121,1
7067,4010,0
6757,275,1
7329,3353,1
3516,1930,1
628,4356,0
846,918,1
1180,953,0
392,1929,0
103,1955,1
1428,2771,0
226,2800,0
1320,1560,0
222,1413,1
433,1358,1
472,17,1
1741,5120,0
1540,1097,1
1334,24,0
969,2778,1
4926,5742,0
1505,2459,1
2805,5094,0
605,392,1
2570,3304,1
1135,7633,1
1226,3466,0
2219,3326,0
126,5547,1
273,5120,0
2918,394,0
1594,216,1
1487,249,1
1220,5726,1
796,490,0
1057,5319,0
4275,385,1
1357,2636,1
31,350,0
2706,2483,1
1469,1904,0
5697,7446,1
707,4006,1
641,1586,1
965,4382,1
1418,2438,0
2836,1376,1
901,5274,1
1363,3480,0
1015,219,0
418,4506,1
807,533,1
1516,3830,0
2448,683,1
1393,1364,1
595,3267,1
916,1782,1
652,2010,0
1506,4290,0
5387,586,1
1418,1095,1
1349,828,1
6846,1394,0
6834,845,0
126,5547,1
782,825,1
1283,1585,0
496,2198,1
636,5246,0
534,1099,1
8355,1955,0
444,459,1
6871,2166,0
633,1820,1
752,3474,0
691,1417,1
2975,2221,0
1292,3425,0
1394,1740,0
532,3601,0
445,2075,1
1159,156,1
2865,848,1
931,1285,1
834,1543,0
1011,3114,0
638,4405,1
792,8455,0
6446,1129,0
2937,3257,1
968,370,0
4080,3178,0
1374,1683,0
2740,7972,1
649,2002,1
273,481,0
2432,1826,0
654,5360,1
1341,1583,1
1197,4209,0
965,3455,0
2733,5246,1
1396,3304,1
1114,1211,1
1452,1095,0
931,1770,1
270,5283,0
765,1820,0
106,5232,1
273,680,0
4926,2525,0
393,2720,1
1180,475,1
1418,5642,0
8355,986,0
1357,4052,0
2872,2005,0
3284,2090,0
393,2166,1
246,5674,0
4011,193,0
765,2626,1
448,1993,0
931,79,1
541,1511,1
2863,3396,0
1144,4163,1
3466,1126,1
1310,552,1
246,1802,1
638,4256,1
26,9782,1
405,3840,1
393,219,1
1518,4410,0
472,5313,0
1518,1288,0
965,939,0
1113,7632,1
707,3608,1
1480,4442,0
3284,52,1
2733,863,1
7067,3877,0
2219,1350,0
895,5493,0
1587,1608,0
7067,7972,1
444,459,1
6871,645,0
170,50,0
1374,3248,0
6870,3481,0
1525,475,1
1229,5406,0
909,3993,1
792,186,0
4681,2900,0
701,459,1
1225,2416,0
2570,3318,1
2620,4493,0
3284,673,0
2800,5404,0
509,3458,0
931,1007,1
334,2324,0
3376,1805,0
605,4381,1
7463,161,0
5387,5539,1
1550,1064,0
1229,5381,0
2448,4209,0
272,2155,0
4242,3462,1
418,3429,1
7454,5319,0
1346,2956,1
2787,3491,0
857,5139,0
496,235,1
4080,1556,0
6846,430,1
1068,1376,1
3220,1096,0
3376,785,1
359,278,1
1042,2075,1
2883,5244,1
869,5213,1
707,2098,1
701,1832,0
663,3375,0
1397,5541,0
1201,3754,0
2735,2225,1
1120,3344,1
412,1814,0
1236,2255,0
953,1427,1
597,1102,1
1554,459,1
479,3990,0
2399,630,1
5626,2233,0
1085,1650,0
838,3484,0
6870,4511,0
845,7460,0
533,3126,1
1341,1007,1
26,4284,1
906,5752,0
663,3743,0
1120,5168,1
2448,3523,0
7195,1804,1
1290,525,1
1358,1606,0
6458,3264,1
2133,461,0
1501,4329,1
26,88,1
198,908,1
1117,665,1
1095,5180,1
1120,3328,1
7060,5493,0
1711,573,1
1999,15,1
838,3248,0
4803,370,1
1429,4431,0
4503,952,0
61,8465,0
1248,2324,1
222,1774,1
735,3403,0
1396,3856,1
2570,5779,1
2704,5099,0
1442,2217,0
1393,1364,1
270,7941,0
490,1767,1
1119,4010,0
227,5123,0
1011,3830,0
762,2530,0
1584,3743,0
2921,645,0
490,2740,1
1541,57,1
1335,1701,1
1550,3398,0
615,1128,1
797,4490,1
1483,2112,1
857,5516,0
365,2549,0
959,812,1
1529,5740,0
5671,5354,0
1211,5152,1
1480,17,1
3144,219,0
5250,260,1
550,1290,1
862,980,1
2095,3412,0
2918,860,1
430,1441,0
1229,1691,0
496,3258,1
1211,512,1
901,4526,1
8354,2512,0
1234,7608,0
792,3127,0
1294,1582,0
74,236,1
5691,3348,1
6446,490,0
4351,634,1
693,1997,0
1428,5274,0
31,7,1
1192,322,0
1420,490,0
1048,2162,0
1061,1227,1
693,3746,0
4833,1066,1
1517,2530,0
864,422,1
679,1051,1
862,5321,1
6124,4493,1
958,3368,1
763,683,1
1567,1831,0
958,3470,1
1216,906,0
550,1475,1
490,2127,1
359,3416,1
6403,1052,1
646,1485,0
334,3399,0
885,5676,0
307,1689,1
448,3467,0
1112,3362,1
830,5654,0
393,2116,1
785,680,0
2805,3258,0
735,5581,0
1660,9355,0
636,338,0
2570,5229,1
2921,3255,0
1586,483,1
862,9776,1
1451,5671,1
496,1731,1
560,5143,0
1572,901,0
501,880,1
596,5275,1
530,1427,1
1112,5556,1
1211,2759,1
1118,880,1
5626,2678,0
1456,63,1
1099,7631,0
8355,8215,0
752,645,0
660,3454,0
4234,3991,0
749,3886,0
937,5343,1
1061,1045,1
658,2180,0
4080,3067,1
2095,1820,0
1099,1216,1
7195,3256,0
6870,5399,0
596,187,1
2918,4220,0
752,173,0
2219,4000,0
1335,4007,1
412,204,0
964,3121,1
1231,3681,0
1505,2459,1
1097,4475,0
7172,2217,0
1068,2275,0
2823,2771,0
1741,2404,0
1216,8766,0
1007,1311,0
3442,235,0
780,3340,0
6458,7607,0
4242,4519,1
622,1216,1
1582,3458,0
965,3647,0
1587,7475,0
123,249,1
814,845,0
359,3419,1
5691,5163,1
7055,61,0
1544,3495,0
958,3396,1
1355,1870,0
1594,213,1
1166,3874,0
1180,5130,0
2798,1496,0
904,823,0
550,813,1
5697,3437,1
6389,242,0
597,4379,1
7206,1704,0
132,1501,1
5680,1691,0
7023,3399,0
1866,1313,0
844,263,1
1143,4798,0
1403,5287,0
496,25,1
26,3307,1
864,994,1
862,3390,1
1529,4209,0
1403,7939,1
1263,3304,0
1334,1591,0
1587,239,0
496,5350,1
7456,684,0
448,4459,0
1197,253,0
496,4393,1
1228,4472,0
1517,2150,1
283,4068,1
126,3647,0
944,3733,1
1866,1376,1
1521,2771,0
846,3369,1
368,8204,1
1120,3407,1
905,475,1
1541,2088,1
441,431,0
814,7618,0
763,1866,0
458,5178,0
292,1638,1
359,4430,1
226,3401,0
1143,178,0
711,3365,0
766,880,1
7056,375,1
1358,2208,0
1379,3819,0
1587,1885,0
